# callgrind format
version: 1
creator: callgrind-3.27.1
pid: 1114499
cmd:  ./target/release/components_redesign
part: 1


desc: I1 cache: 32768 B, 64 B, 8-way associative
desc: D1 cache: 32768 B, 64 B, 8-way associative
desc: LL cache: 33554432 B, 64 B, direct-mapped

desc: Timerange: Basic block 0 - 215044
desc: Trigger: Program termination

positions: line
events: Ir Dr Dw I1mr D1mr D1mw ILmr DLmr DLmw
summary: 851189 155844 42283 1776 3302 1889 1697 1538 1809


ob=(5) /usr/lib64/libgcc_s-16-20260515.so.1
fl=(247) /usr/src/debug/gcc-16.1.1-2.fc44.x86_64/obj-x86_64-redhat-linux/x86_64-redhat-linux/libgcc/../../../libgcc/unwind-dw2-btree.h
fn=(968) btree_destroy
354 2 0 2 1 0 0 1
+3 2
-3 6 0 2
+3 2 2 2 0 2 0 0 2
+1 4
+4 6 2
+6 8 6

fl=(246) /usr/src/debug/gcc-16.1.1-2.fc44.x86_64/obj-x86_64-redhat-linux/x86_64-redhat-linux/libgcc/../../../libgcc/unwind-dw2-fde.c
fn=(966) release_registered_frames
58 2 0 0 1 0 0 1
+3 2 0 1
cfi=(247)
cfn=(968)
calls=1 354 
* 15 5 3 1 1 0 1 1
+1 2 0 1
cfi=(247)
cfn=(968)
calls=1 354 
* 15 5 3 0 1 0 0 1
+1 1 0 1 1
+1 2 1

fl=(169) ???
fn=(980) 0x0000000000001e90
0 5 1 0 1 0 0 1

fn=(576) 0x0000000000001f40
0 12 1 0 2 0 0 2

fn=(970) 0x0000000000001f00
0 9 2 2 1 2 0 1
cob=(3) ???
cfi=(154) ???
cfn=(976) 0x00000000048bd990
calls=1 0 
0 78 19 12 1 1 0 1
0 1 0 1
cfn=(980)
calls=1 0 
0 5 1 0 1 0 0 1
0 3 2 1

fl=(166) /usr/src/debug/gcc-16.1.1-2.fc44.x86_64/obj-x86_64-redhat-linux/x86_64-redhat-linux/libgcc/../../../libgcc/config/i386/cpuinfo.c
fn=(570) __cpu_indicator_init@GCC_4.8.0
60 1 0 0 1 0 0 1
fi=(168) /usr/src/debug/gcc-16.1.1-2.fc44.x86_64/obj-x86_64-redhat-linux/x86_64-redhat-linux/libgcc/../../../libgcc/../gcc/common/config/i386/cpuinfo.h
1172 4 2 0 0 1 0 0 1
fe=(166)
60 1
fi=(167) /usr/src/debug/gcc-16.1.1-2.fc44.x86_64/obj-x86_64-redhat-linux/gcc/include/cpuid.h
315 1
fe=(166)
60 1 0 1
fi=(167)
315 1
+21 2
+3 4 0 0 1 0 0 1
fi=(168)
1185 2
fi=(167)
315 2
+21 3 0 1
+3 7 0 4
fi=(168)
1199 1
+1 1
fi=(167)
339 1 0 0 1 0 0 1
fi=(168)
1199 1
+1 1
-1 1
+1 1
-1 1
+2 1
+1 1
-2 1
+2 1
-1 1
+1 1 0 1
778 1
1201 1
778 1
1201 1 0 1
778 2
+24 2 0 0 1 0 0 1
92 1 0 1
804 2
92 1 0 1
806 2
92 1 0 1
808 2
92 1 0 1
+9 1 0 0 1 0 0 1
810 2
+2 2
+3 2
92 1 0 1
817 3
92 1 0 1
819 2
92 1 0 1 1 0 0 1
821 2
92 1 0 1
823 2
92 1 0 1
825 2
92 1 0 1
827 2
92 1 0 1
829 2 0 0 1 0 0 1
+2 2
+2 2
+2 2
92 1 0 1
837 2
+2 2 0 0 1 0 0 1
+2 2
+2 2
92 1 0 1
845 2
92 1 0 1
847 2
+5 2
+4 5 0 0 1 0 0 1
+1 2
92 1 0 1
859 2
+2 2
+2 2
+2 2
+2 2 0 0 1 0 0 1
92 1 0 1
869 2
+2 2
+3 2
92 1 0 1
876 2
+2 2 0 0 1 0 0 1
+2 2
+2 2
+2 2
+2 2
+3 2 0 0 1 0 0 1
+2 2
+2 2
+2 2
+2 2
+2 2 0 0 1 0 0 1
+2 2
+2 2
+2 2
+4 2
+2 2
+2 2 0 0 1 0 0 1
+2 2
+2 2
+2 2
+9 2 0 0 1 0 0 1
+30 2 0 0 2 0 0 2
+58 2 0 0 1 0 0 1
+2 3
+1 2
+2 2
+2 2 0 0 1 0 0 1
+5 2
+69 3 0 0 1 0 0 1
+4 2
+2 2
+2 2
+2 2
+2 3
+2 2 0 0 1 0 0 1
+2 2
+2 2
+2 2
+2 2
+3 2
+2 2 0 0 1 0 0 1
+2 2
+3 2
+2 2
+2 2
+5 2
+2 3 0 0 1 0 0 1
+1 2
+2 2
+4 2
+61 2
+16 1 0 1 1 0 0 1
75 1 1
1265 2
66 1 1
1266 2
-93 6 5
fe=(166)
62 1
+2 3 2
fi=(168)
784 2 0 0 1 0 0 1
+3 4
+7 5 0 0 1 0 0 1
+2 1
-1 3 0 1
1211 2
+5 2
776 2
101 14 0 7 2 0 1 2 0 1
776 2
1217 2 1 0 1 0 0 1
364 4 0 0 1 0 0 1
791 2 0 0 1 0 0 1
-2 1 0 0 1 0 0 1
+2 4
1271 1
101 1 0 1
1271 3
+1 4 0 0 1 0 0 1
101 4 1 1
1281 4
+1 3
101 21 0 7 4 0 0 4
364 9 0 0 2 0 0 2
+99 2 0 1 1 0 0 1
+2 1
fe=(166)

ob=(3)
fl=(154)
fn=(514) 0x00000000048eaaa0
0 28 14 0 1 1 0 1
cob=(1) /usr/lib64/ld-linux-x86-64.so.2
cfi=(12) /usr/src/debug/glibc-2.43-6.fc44.x86_64/elf/dl-tunables.c
cfn=(30) __tunable_get_val
calls=14 435 
0 242 56 14 0 27 0 0 20

fn=(730) 0x00000000048ea7f0
0 82 41 0 1 1 0 1
cob=(2) /usr/lib64/libc.so.6
cfi=(208) /usr/src/debug/glibc-2.43-6.fc44.x86_64/string/../sysdeps/x86_64/multiarch/memchr-avx2.S
cfn=(732) __memchr_avx2
calls=41 61 
0 1565 199 0 9 15 0 9 15

fn=(778) 0x00000000048ea800
0 12 6 0 1 1 0 1
cob=(2)
cfi=(157) /usr/src/debug/glibc-2.43-6.fc44.x86_64/malloc/malloc.c
cfn=(780) free
calls=6 3319 
0 480 93 77 14 1 12 14 1 12

fn=(606) 0x00000000048eab30
0 2 1 0 1 0 0 1
cob=(1)
cfi=(50) /usr/src/debug/glibc-2.43-6.fc44.x86_64/elf/dl-audit.c
cfn=(608) _dl_audit_preinit
calls=1 118 
0 5 2 0 1 0 0 1

fn=(934) 0x0000000004052570
0 4 1 0 1

fn=(986) 0x00000000048e0808
0 4 1 0 1 0 0 1

fn=(558) 0x00000000048ea9e0
0 2 1 0 1 1 0 1
cob=(2)
cfi=(163) /usr/src/debug/glibc-2.43-6.fc44.x86_64/string/../sysdeps/x86_64/multiarch/strrchr-avx2.S
cfn=(560) __strrchr_avx2
calls=1 53 
0 29 3 0 5 1 0 5 1

fn=(594) 0x0000000004052554
0 7 2 0 1 0 0 1

fn=(976)
0 2 1 0 1 1 0 1
cob=(2)
cfi=(241) /usr/src/debug/glibc-2.43-6.fc44.x86_64/stdlib/cxa_finalize.c
cfn=(920) __cxa_finalize
calls=1 45 
0 76 18 12

fn=(662) 0x00000000048eab20
0 6 3
cob=(2)
cfi=(157)
cfn=(664) malloc
calls=3 3283 
0 696 128 67 47 6 4 47 5 4

fn=(788) 0x00000000048eaac0
0 6 3 0 1 0 0 1
cob=(2)
cfi=(221) /usr/src/debug/glibc-2.43-6.fc44.x86_64/string/../sysdeps/x86_64/multiarch/memset-vec-unaligned-erms.S
cfn=(790) __memset_avx2_unaligned_erms
calls=3 198 
0 94 5 34 5 0 13 5 0 13

fn=(566) 0x00000000048bd2cc
0 7 2 0 1 1 0 1

fn=(734) 0x00000000048ea780
0 6 3 0 1 0 0 1
cob=(2)
cfi=(157)
cfn=(736) realloc
calls=3 3380 
0 787 150 97 39 2 3 39 1 3

fn=(742) 0x00000000048eaa30
0 88 44
cob=(2)
cfi=(209) /usr/src/debug/glibc-2.43-6.fc44.x86_64/string/../sysdeps/x86_64/multiarch/memmove-vec-unaligned-erms.S
cfn=(744) __memcpy_avx_unaligned_erms
calls=44 255 
0 805 220 152 5 2 4 5 1 4

fn=(944) 0x0000000004892330
0 2 1 0 1 0 0 1
cob=(2)
cfi=(241)
cfn=(920)
calls=1 45 
0 76 18 12
cob=(1)
cfi=(244) /usr/src/debug/glibc-2.43-6.fc44.x86_64/elf/../sysdeps/x86_64/dl-trampoline.h
cfn=(950) _dl_runtime_resolve_xsave
calls=1 39 
0 725 234 128 42 35 15 11 0 2
0 5 2 2 1 1

fn=(544) 0x00000000048922cc
0 7 2 0 1 1 0 1

fn=(762) 0x00000000048ea880
0 76 38 0 1 1 0 1
cob=(2)
cfi=(214) /usr/src/debug/glibc-2.43-6.fc44.x86_64/string/../sysdeps/x86_64/multiarch/strlen-avx2.S
cfn=(764) __strlen_avx2
calls=38 52 
0 1024 161 0 3 0 0 3

fn=(964) 0x0000000004892598
0 4 1 0 1 0 0 1

fn=(702) 0x00000000048eaa00
0 2 1 0 1 1 0 1
cob=(2)
cfi=(202) /usr/src/debug/glibc-2.43-6.fc44.x86_64/string/../sysdeps/x86_64/multiarch/strchr-avx2.S
cfn=(704) __strchr_avx2
calls=1 53 
0 21 3 0 2 1 0 2 1

fn=(826) 0x00000000048ea7c0
0 2 1
cob=(2)
cfi=(157)
cfn=(828) calloc
calls=1 3739 
0 308 50 33 17 0 3 17 0 3

ob=(4) /usr/libexec/valgrind/vgpreload_core-amd64-linux.so
fl=(160) ???
fn=(938) 0x00000000000003d0
0 9 2 2 1 2
cob=(3)
cfi=(154)
cfn=(944)
calls=1 0 
0 808 255 142 44 36 15 12 0 2
0 1 0 1
cfn=(958) 0x0000000000000360
calls=1 0 
0 5 1 0 2 0 0 1
0 3 2 1 1

fn=(958)
0 5 1 0 2 0 0 1

fn=(548) 0x0000000000000410
0 12 1 0 3 0 0 3

ob=(1)
fl=(16) /usr/src/debug/glibc-2.43-6.fc44.x86_64/elf/../sysdeps/x86/dl-get-cpu-features.c
fn=(484) __x86_cpu_features
76 1 0 0 1 0 0 1
-37 3 1
+37 2 1 0 1

fn=(36) _dl_x86_init_cpu_features
37 1 0 0 1 0 0 1
+2 3 1
+2 1
cfi=(17) /usr/src/debug/glibc-2.43-6.fc44.x86_64/elf/../sysdeps/x86/cpu-features.c
cfn=(38) init_cpu_features.constprop.0
calls=1 728 
* 7152 834 476 101 27 9 101 27 9

fl=(2) /usr/src/debug/glibc-2.43-6.fc44.x86_64/elf/rtld.c
fn=(152) handle_preload_list
852 11 0 7 1 0 1 1 0 1
+5 5 1 0 1 0 0 1
-4 2
+17 1
182 1 1
872 2 1
182 2
874 2 1
+1 4 0 1
cfn=(156) do_preload
calls=1 -88 
* 2608 581 319 118 37 39 118 37 39
* 1
-18 2 1
+3 3 0 1 1 0 1 1 0 1
cfi=(51) /usr/src/debug/glibc-2.43-6.fc44.x86_64/string/../string/strcspn.c
cfn=(154) strcspn
calls=1 32 
* 252 119 20 6 2 4 6 2 4
* 1
+1 3
+2 4 0 1 1 0 0 1
cfi=(30) /usr/src/debug/glibc-2.43-6.fc44.x86_64/string/../sysdeps/x86_64/multiarch/memmove-vec-unaligned-erms.S
cfn=(84) memcpy
calls=1 210 
* 19 5 4 1 0 0 1
+1 2 0 1
+14 9 7

fn=(2) _dl_start
519 10 0 7 1 0 2 1 0 2
84 1
fi=(6) /usr/src/debug/glibc-2.43-6.fc44.x86_64/elf/../sysdeps/x86_64/dl-machine.h
-29 1
fe=(2)
549 1 0 1 0 0 1 0 0 1
-4 1 0 1 0 0 1 0 0 1
84 3 0 1 0 0 1 0 0 1
548 2 0 1 1 0 0 1
fi=(3) /usr/src/debug/glibc-2.43-6.fc44.x86_64/elf/./get-dynamic-info.h
45 4 1 0 0 1 0 0 1
+23 20 0 18 0 0 7 0 0 7
-23 72 18 0 0 5 0 0 5
+4 36 0 0 1 0 0 1
+3 5
-1 10
+3 20
+1 16
+1 5 0 0 1 0 0 1
fi=(4) /usr/src/debug/glibc-2.43-6.fc44.x86_64/elf/../sysdeps/generic/ldsodefs.h
+23 1 1
fi=(3)
+31 2 1 0 0 1 0 0 1
-38 3
+12 4 1 1 1 0 0 1
+1 3 1 0 0 1 0 0 1
+1 4 1 1
+1 4 1 1
+1 5 1 1 1 0 0 1
+1 3 1
+1 4 1 1
+1 4 1 1
+12 7 2 0 1 0 0 1
+7 2
+13 3 2
+6 3 1 0 1 0 0 1
+1 3 2
+3 2 1
+1 3 1
+5 5 2 0 1 0 0 1
+3 5 2
fe=(2)
565 130 8 13 1 1 5 1 1 5
fi=(3)
59 4 0 0 1 0 0 1
fe=(2)
565 14 1 0 1 0 0 1
fi=(4)
79 1
fe=(2)
565 3 1 2
fi=(4)
79 1 0 0 1 0 0 1
fe=(2)
565 21 4 4 2 0 0 2
fi=(5) /usr/src/debug/glibc-2.43-6.fc44.x86_64/elf/do-rel.h
53 1
fe=(2)
565 1 1
fi=(5)
49 1 1
+4 3
-4 1
-1 1 0 0 1 0 0 1
+1 1
+4 2 2
+3 2
fe=(2)
565 1 1
fi=(5)
49 1 1
+4 3
-4 1
-1 1
+1 1
+4 2 2
+3 2
-6 8 0 0 1 0 0 1
+11 5
+2 1 1 0 0 1 0 0 1
fi=(6)
273 3
fi=(5)
63 1
+2 1 1
-1 2
fi=(6)
282 10 4 0 1 1 0 1 1
+4 2
+26 4
fi=(5)
61 3 0 0 1 0 0 1
fe=(2)
565 8
fi=(5)
51 1 1
fi=(4)
+28 2 1
fe=(2)
567 1 0 1 1 0 0 1
454 1 0 1 0 0 1 0 0 1
cfi=(7) /usr/src/debug/glibc-2.43-6.fc44.x86_64/elf/dl-minimal.c
cfn=(12) __rtld_malloc_init_stubs
calls=1 42 
* 10 1 4 1 0 2 1 0 2
+4 5 1 1
84 1
476 1
84 3 0 1 1 0 0 1
476 1 0 1
cfi=(8) /usr/src/debug/glibc-2.43-6.fc44.x86_64/elf/dl-setup_hash.c
cfn=(14) _dl_setup_hash
calls=1 25 
* 27 8 6 3 2 0 3 2
+1 1
+4 1
+9 1 0 1
-13 1 0 1
+19 1
-17 1 0 1 0 0 1 0 0 1
+2 1 0 1
+15 2 1 1
cfi=(9) /usr/src/debug/glibc-2.43-6.fc44.x86_64/elf/../sysdeps/unix/sysv/linux/dl-sysdep.c
cfn=(16) _dl_sysdep_start
calls=1 102 
* 244810 59564 24298 951 1995 751 942 1470 729
* 1 0 0 1
+2 2 1
+87 9 7 0 0 2
fi=(3)
62 4 0 0 1 0 0 1
+2 4 0 0 1 0 0 1
+39 3 0 1 1 0 0 1
fe=(2)

fn=(256) version_check_doit
674 2 0 1 1 0 0 1
+2 1
-2 4 0 1
+2 3 2 1 1 0 0 1
cfi=(73) /usr/src/debug/glibc-2.43-6.fc44.x86_64/elf/dl-version.c
cfn=(258) _dl_check_all_versions
calls=1 399 
* 11445 3500 706 41 62 38 41 57 37
* 2
+4 3 3

fn=(264) init_tls
734 3 0 1 1 0 0 1
+6 1 1
-6 1 0 1
+2 2 1 1 1 0 0 1
+4 1
fi=(29) /usr/src/debug/glibc-2.43-6.fc44.x86_64/elf/../include/rtld-malloc.h
44 2 0 1
fe=(2)
751 1
fi=(29)
44 1
fe=(2)
750 1
-4 1
fi=(29)
44 1 1 1
cfi=(28) /usr/src/debug/glibc-2.43-6.fc44.x86_64/elf/dl-minimal-malloc.c
cfn=(76) __minimal_calloc
calls=1 +36 
* 28 4 3
fe=(2)
759 1
-10 1 0 1
-3 1 0 1 0 0 1 0 0 1
+10 1 0 1
+3 1 0 1
cfi=(47) /usr/src/debug/glibc-2.43-6.fc44.x86_64/elf/../elf/dl-tls.c
cfn=(268) _dl_tls_static_surplus_init
calls=1 133 
* 71 14 9 3 4 0 3 3
+3 1 0 1 1 0 0 1
cfi=(47)
cfn=(270) _dl_determine_tlsoffset
calls=1 251 
* 221 37 16 8 3 0 8 2
+7 1 0 1
cfi=(47)
cfn=(274) _dl_allocate_tls_storage
calls=1 517 
* 462 42 184 5 0 39 5 0 39
* 1
+1 2
+6 1 1
fi=(76) /usr/src/debug/glibc-2.43-6.fc44.x86_64/elf/../sysdeps/generic/dl-call_tls_init_tp.h
31 2
fe=(2)
776 1 0 1
fi=(76)
31 6 0 2
+2 1 0 1
cfi=(25) /usr/src/debug/glibc-2.43-6.fc44.x86_64/elf/../sysdeps/nptl/dl-tls_init_tp.c
cfn=(282) __tls_init_tp
calls=1 +36 
* 95 17 24 6 0 1 5 0 1
fe=(2)
783 1
-3 1 0 1 1 0 0 1
+2 1 1
+1 3 3

fn=(68) dl_main
1356 2 0 1 1 0 0 1
196 1
1356 11 0 7 0 0 1 0 0 1
198 1 0 1
301 1 0 1 1 0 0 1
+1 1 0 1
196 1 0 1
+99 3 0 3
1368 1 0 1 0 0 1 0 0 1
cfi=(25)
cfn=(70) __tls_pre_init_tp
calls=1 54 
* 17 1 5 2 0 1 2 0 1
2745 1 1
2513 1 1
2745 3 0 1
2584 1 0 1 0 0 1 0 0 1
+2 1 0 0 1 0 0 1
+15 2
-13 2 0 1
cfi=(26) /usr/src/debug/glibc-2.43-6.fc44.x86_64/elf/dl-environ.c
cfn=(72) _dl_next_ld_env_entry
calls=1 28 
* 527 178 1 2 0 0 2
* 2 0 1
cfi=(26)
cfn=(72)
calls=1 28 
* 6 3
* 6
+4 3 1
-2 1
+2 4
+1 1 0 0 1 0 0 1
-1 3 1
+1 6
-1 32 6
+9 6 1 0 0 1 0 0 1
2712 2 1
+10 3 1 0 1 0 0 1
1378 1 1
+1 2 1
-1 2 1 1
+1 2 1 0 1 0 0 1
2626 2 1 0 1 0 0 1
+10 2 1
1646 8 0 1 2 0 0 2
cfi=(27) /usr/src/debug/glibc-2.43-6.fc44.x86_64/elf/dl-object.c
cfn=(74) _dl_new_object
calls=1 59 
* 284 29 50 20 3 11 20 3 11
* 1
+2 2
+1 1 0 1
+1 1 1
+5 2
-5 1 0 1
+1 3 2 1 1 0 0 1
+4 1 0 1
cfi=(27)
cfn=(88) _dl_add_to_namespace_list
calls=1 31 
* 33 9 8 3 1 0 3 1
+1 2 1
1361 1 0 1
1094 1 1
+1 1 1
+27 1
-21 1 1 0 0 1 0 0 1
+2 1 0 1 1 0 0 1
+19 1
-18 1 0 1
-3 1 0 1 0 0 1 0 0 1
+21 4
-25 1
+26 1
-4 2
+4 109 21 0 1 5 0 1 5
+80 3 2 1 1 0 0 1
-81 9
+87 3
+1 22
-1 24
+1 12 12 0 1 0 0 1
+6 12
-6 24
fi=(32) /usr/src/debug/glibc-2.43-6.fc44.x86_64/elf/../sysdeps/x86/dl-prop.h
149 4 2 0 0 1 0 0 1
fe=(2)
1177 3 1 0 1 0 0 1
+7 1 1 0 0 1 0 0 1
-1 2
+6 1
-6 2 0 1 0 0 1 0 0 1
-56 1 1
+62 3
-67 2 0 1 1 0 0 1
+68 1 1
+1 1 0 1
-1 1 0 1
+4 2 0 2 0 0 1 0 0 1
-72 2
+5 1 0 0 1 0 0 1
-5 1
+5 2 1 1
-5 2
+21 2 2 0 0 1 0 0 1
-21 1
+25 1
-5 1 0 1
+3 2 0 1 1 0 0 1
-23 2
+10 2 2
-10 1
+10 1 0 1
+1 9 2 1
-11 2
+34 8 8 0 1 1 0 1 1
-1 4 4
+1 16
-1 4
+2 8 4
+1 1 0 1
+2 12 4 0 1 0 0 1
+1 14
+4 8 4 0 0 3 0 0 3
+1 8 4
+1 4 0 4
+4 4
-49 4
+49 4 0 0 1 0 0 1
-49 8
+87 1
+13 3 1
+2 2 1 1
+1 2 1 0 1 0 0 1
+2 2 1
1679 1 0 1
cfi=(33) /usr/src/debug/glibc-2.43-6.fc44.x86_64/elf/dl-execstack-tunable.c
cfn=(96) _dl_handle_execstack_tunable
calls=1 24 
* 33 7 3 1 1 0 1 1
fi=(4)
96 3 1
+3 4 3 0 1 0 0 1
+1 1 1
fe=(2)
1685 3 1
+1 4 2 1
cfi=(34) /usr/src/debug/glibc-2.43-6.fc44.x86_64/string/../sysdeps/x86_64/multiarch/../multiarch/strcmp-sse2.S
cfn=(100) strcmp
calls=1 98 
* 25 7 0 3 1 0 3 1
* 2
+3 1 0 1 0 0 1 0 0 1
+1 1 0 1 1 0 0 1
+1 1 0 1
+2 2 1
+1 2 0 1
+5 2 1
+2 2 1
fi=(3)
39 3 1 0 1 0 0 1
+6 3 1 0 0 1 0 0 1
-2 2
+25 28 0 28 0 0 8 0 0 8
-23 112 28 0 0 7 0 0 7
+4 56
+3 6
-1 12
+3 24
+1 20
fi=(31) /usr/src/debug/glibc-2.43-6.fc44.x86_64/elf/../include/stackinfo.h
+7 2 1 0 1 0 0 1
fe=(2)
1122 1
fi=(31)
62 6 0 1
fe=(2)
1122 2 0 0 1 0 0 1
fi=(3)
72 3 1
+51 3 2 0 1 0 0 1
+6 3 1
+18 3 1
+5 2 1 1 1 0 1 1 0 1
+2 2
+2 2
+2 2
+1 1 0 1
+3 3 1
+2 3 1 1
+1 2
+9 2 1 0 1 0 0 1
+6 2
+1 2 1 1
+3 2 1
fi=(4)
-88 3 1 0 1 0 0 1
fe=(2)
1714 2 0 1 1 0 0 1
cfi=(8)
cfn=(14)
calls=1 25 
* 27 8 6 0 1 0 0 1
+3 2 1
fi=(35) /usr/src/debug/glibc-2.43-6.fc44.x86_64/elf/./setup-vdso.h
24 2 1
fi=(38) /usr/src/debug/glibc-2.43-6.fc44.x86_64/elf/./dl-main.h
+85 2 2 0 1 0 0 1
fi=(37) /usr/src/debug/glibc-2.43-6.fc44.x86_64/elf/../sysdeps/unix/sysv/linux/dl-vdso-setup.h
-55 1 0 1
fi=(38)
+55 3 2 1
cfi=(39) /usr/src/debug/glibc-2.43-6.fc44.x86_64/elf/dl-load.c
cfn=(112) _dl_init_paths
calls=1 680 
* 1484 304 271 40 1 9 40 1 9
fe=(2)
1742 3 1 1
cfi=(46) /usr/src/debug/glibc-2.43-6.fc44.x86_64/elf/dl-debug.c
cfn=(140) _dl_debug_initialize
calls=1 120 
* 20 6 4 3 1 0 3 1
+7 1 1
-5 1 0 1
-2 1
+7 1
+4 1 1 0 1 0 0 1
+3 1 0 1
-3 3 0 1
+1 1 0 1
+3 1 0 1
1252 1 1 0 0 1 0 0 1
1755 1 0 1
1252 1
+1 2 1 0 1 0 0 1
+5 1 1
-3 2 1
+2 1 0 1 0 0 1 0 0 1
+11 1
-10 1 0 1
+3 1 0 1
+7 3
+4 1 1 0 1 0 0 1
-5 1
+5 3
-3 7
-1 14
+2 20 10 0 0 6 0 0 6
+2 3 3 0 0 2 0 0 2
+1 6 3
-1 6
+2 6
+5 3 3 0 1 0 0 1
-10 3
+10 6
-11 8
+18 1
+1 2 1
-1 2
224 2 2 0 1 0 0 1
-1 1 1
+1 3 1
1771 2 1 0 1 0 0 1
1362 1 0 1
1775 1
+1 2 1
+24 1 0 1 1 0 0 1
cfi=(47)
cfn=(142) _dl_count_modids
calls=1 228 
* 6 3 0 1 0 0 1
* 1 0 1
fi=(48) /usr/src/debug/glibc-2.43-6.fc44.x86_64/elf/../sysdeps/generic/dl-debug.h
29 3 1
+1 1 0 1
fe=(2)
1806 3 0 1
cfi=(46)
cfn=(146) _dl_debug_change_state
calls=1 104 
* 11 2 1 2 0 0 2
+1 1
+4 3 0 1
cfi=(50)
cfn=(150) _dl_audit_activity_map
calls=1 29 
* 5 2 0 3 0 0 3
+5 3 2 0 1 0 0 1
+2 1
+2 2 1
+9 2 1
+16 3 0 1
cfi=(65) /usr/src/debug/glibc-2.43-6.fc44.x86_64/io/../sysdeps/unix/sysv/linux/access.c
cfn=(220) access
calls=1 25 
* 9 1 1 1 0 0 1
* 2
+76 4 2 0 1 0 0 1
+16 3 1
84 1
1947 1
84 2
1947 2
84 1
1947 4 1
84 1 0 1 1 0 0 1
1947 1 0 1
cfi=(66) /usr/src/debug/glibc-2.43-6.fc44.x86_64/elf/dl-deps.c
cfn=(222) _dl_map_object_deps
calls=1 143 
* 13343 2566 1377 117 112 106 116 111 106
91 1
1957 2 2
-4 1 1
+16 1 1
91 2
+9 2 1 1
1953 7 0 0 1 0 0 1
+1 1 1
-1 1
+1 1 0 1
-1 2
+1 4 4
-1 4
+1 4 0 4
-1 8
+4 1 0 1
+1 2
+1 1 0 1
+2 17 0 0 1 0 0 1
+1 12 4
+7 2 1
+1 1 1
-1 1 0 1 1 0 0 1
+1 2
+2 1
+2 2
+16 4 0 0 1 0 0 1
+1 1 0 1
+1 3 1
+10 1 0 1
+2 1
-1 3 0 0 1 0 0 1
+1 3
-1 1 0 1
+1 1 0 1
cfi=(52) /usr/src/debug/glibc-2.43-6.fc44.x86_64/elf/dl-catch.c
cfn=(254) _dl_receive_error
calls=1 190 
* 11481 3513 717 46 62 38 46 57 37
+10 2 1 1
+1 2 1
+3 2
820 1 1 0 1 0 0 1
fi=(249) /usr/src/debug/glibc-2.43-6.fc44.x86_64/elf/../sysdeps/unix/sysv/linux/dl-osinfo.h
39 2 1
fe=(2)
822 1 0 1
fi=(249)
52 1 1
fe=(2)
831 1 0 1
+2 1 0 1
+5 1 0 1
2023 3 1
2226 1 1 0 1 0 0 1
-4 2 0 1
+10 1 1
-6 1 0 1
+6 1 0 1
+3 2 1
+8 2 2 0 1 0 0 1
fi=(32)
36 1 1
+1 4 1
+16 3 1
-16 4
+3 4 4
+9 8 4
-9 1 1
+9 20 5
+4 16 4
-16 10 0 0 1 0 0 1
+34 3 0 1
cfi=(78) /usr/src/debug/glibc-2.43-6.fc44.x86_64/elf/../sysdeps/x86_64/dl-cet.c
cfn=(286) _dl_cet_check
calls=1 361 
* 25 4 5 4 0 0 4
fe=(2)
2247 3 1
+3 1 0 1 0 0 1
+5 2 1
84 1 0 0 1 0 0 1
2260 1 1
-1 1 1
84 2
2259 1 0 1
84 1
2259 5 1 1
cfi=(79) /usr/src/debug/glibc-2.43-6.fc44.x86_64/elf/dl-reloc.c
cfn=(290) _dl_relocate_object
calls=1 343 
* 71923 17581 8069 195 476 232 195 440 229
91 1
+9 1 1 0 0 1
-9 2 0 0 1 0 0 1
+9 2 0 1 0 0 1
-16 2
2268 1 1
84 2
2269 15 0 2 1 0 0 1
+2 10 10 0 0 1
+5 10 10 0 0 4
+2 10
+6 5 0 5
+2 40 10 5 1 4 0 1 1
cfi=(79)
cfn=(290)
calls=5 343 
* 100258 27576 11416 35 964 169 35 635 161
+4 16 8 0 0 4
+1 6
-22 3
+22 3 0 3
cfi=(47)
cfn=(470) _dl_add_to_slotinfo
calls=3 1177 
* 84 24 12 3 4 1 3 0 1
-22 8 2 0 1 1 0 1
91 3
+1 2 0 1 0 0 1
2298 1 0 1
cfi=(47)
cfn=(472) _dl_tls_initial_modid_limit_setup
calls=1 1138 
* 43 10 1 2 1 1 2
+6 2 1
+4 4 2 0 1 0 0 1
+2 1 0 1
+7 3 1 1
cfi=(47)
cfn=(474) _dl_allocate_tls_init
calls=1 612 
* 329 86 57 9 11 5 8 1 4
+3 2 1
+4 3 2 0 1 1 0 1
+3 1 0 1
cfi=(142) /usr/src/debug/glibc-2.43-6.fc44.x86_64/elf/dl-find_object.c
cfn=(476) _dl_find_object_init
calls=1 578 
* 1028 208 91 17 63 5 17 0 3
+5 2 1
84 1
2336 2 1
84 2
2336 1
84 1
2336 2 0 1
cfi=(79)
cfn=(292) _dl_relocate_object_no_relro
calls=1 207 
* 252 72 39 2 10 1 1
91 3 0 0 1 0 0 1
+9 2 0 1
2339 1 0 1
cfi=(144) /usr/src/debug/glibc-2.43-6.fc44.x86_64/elf/../sysdeps/nptl/dl-mutex.c
cfn=(486) __rtld_mutex_init
calls=1 30 
* 582 129 45 16 13 0 16 4
+1 2 0 1
cfi=(7)
cfn=(492) __rtld_malloc_init_real
calls=1 76 
* 2598 710 317 7 10 1 7 3
+3 2 0 1
cfi=(46)
cfn=(500) _dl_debug_post_relocate
calls=1 46 
* 622 170 73 3 9 0 3 2
+4 2 0 1
cfi=(79)
cfn=(466) _dl_protect_relro
calls=1 352 
* 35 8 3
+5 3 1 1
cfi=(148) /usr/src/debug/glibc-2.43-6.fc44.x86_64/elf/dl-call-libc-early-init.c
cfn=(502) _dl_call_libc_early_init
calls=1 27 
* 1410 176 331 29 46 37 29 25 36
+7 1 0 1 1
cfi=(9)
cfn=(524) _dl_sysdep_start_cleanup
calls=1 147 
* 2 1 0 1 0 0 1
+4 2 0 1
cfi=(46)
cfn=(216) _dl_debug_update
calls=1 94 
* 7 2 0 1 1
+1 2
-1 1
+1 1 0 1
cfi=(46)
cfn=(146)
calls=1 104 
* 11 2 1 2
+1 1
+3 3 0 1
cfi=(50)
cfn=(526) _dl_audit_activity_nsid
calls=1 41 
* 8 3 0 1 0 0 1
+4 1 0 1
cfi=(67) /usr/src/debug/glibc-2.43-6.fc44.x86_64/elf/dl-cache.c
cfn=(528) _dl_unload_cache
calls=1 508 
* 19 5 4 3 1 0 3
+5 8 7 0 0 2
225 2 0 0 1 0 0 1
-2 1 1 0 1 0 0 1
+2 2
2280 1 0 1 1 0 0 1
+1 1 1
-3 2 0 0 1 0 0 1
1762 1 1 0 1 1 0 1 1
1289 3 2 1 0 1 0 0 1
1762 1
fi=(3)
56 5 0 0 1 0 0 1
+3 4 0 0 1 0 0 1
fe=(2)
1976 1 1 0 1 0 0 1
-4 1 0 1
+4 2
+14 4 2 0 1 0 0 1
fi=(36) /usr/src/debug/glibc-2.43-6.fc44.x86_64/elf/../sysdeps/unix/sysv/linux/dl-vdso.h
40 1 1 0 1 0 0 1
+1 5 0 1 1 0 0 1
fi=(37)
-11 1 0 1
+3 1 0 1
+3 1 0 1
+3 1 0 1
+6 3 0 1 1 0 0 1
fi=(3)
+27 2 1 0 1 0 0 1
+12 3 1
+1 4 1 1
+1 4 1 1 1 0 0 1
+1 4 1 1
+1 4 1
+1 4 1 1
+1 4 1 1 1 0 0 1
+1 4 1 1
+12 1 1
+7 1 1
-7 7 1 1
+7 2 0 0 1 0 0 1
+5 2 1
fe=(2)
1752 4 2 1 1 0 0 1
2016 2 0 1 1 0 0 1
cfn=(264)
calls=1 734 
* 919 122 252 26 7 41 25 5 41
* 2 0 1
fi=(3)
62 4 0 0 1 0 0 1
+2 4
fe=(2)
2636 2 1 0 1 0 0 1
+2 2 0 1
+1 1
1925 10 0 0 1 0 0 1
84 1 0 0 1 0 0 1
1824 1 1
84 2 0 0 1 0 0 1
1824 1
84 1
1824 2 0 1
cfn=(152)
calls=1 852 
* 2934 717 354 129 39 45 129 39 45
* 1
91 3
+9 3 0 1
1925 6 0 1 2 0 0 2
+1 1
-1 1
+4 3 0 1
+1 1 1
+1 2
+1 2
-7 2

fn=(164) map_doit
641 2 0 1 1 0 0 1
+2 1
-2 4 0 1
+2 1 1
+1 2 2
-1 2
+1 3 0 1
cfi=(39)
cfn=(166) _dl_map_object
calls=1 2194 
* 2462 542 274 105 35 35 105 35 35
* 1 0 1
+2 3 3

fn=(156)
787 1 0 1 1 0 0 1
+12 1
-12 4 0 2
+12 2
-12 3 0 1 1 0 0 1
+6 1 0 1
+6 1
-2 1 1
-3 1 0 1
+5 1
-10 1 0 1
+6 1 0 1
+4 1 0 1
cfi=(52)
cfn=(158) _dl_catch_error
calls=1 258 
* 2577 573 310 115 37 39 115 37 39
+1 3 1
+8 3 1 0 1 0 0 1
+6 6 5

fl=(245) /usr/src/debug/glibc-2.43-6.fc44.x86_64/elf/dl-runtime.c
fn=(952) _dl_fixup
46 2 0 1 1
+2 1
-2 5 0 4
+9 1
-9 2 0 1
fi=(250) /usr/src/debug/glibc-2.43-6.fc44.x86_64/elf/../sysdeps/x86_64/dl-runtime.h
-18 1
fe=(245)
+18 1
+2 7 4 0 1 2 0 1
+1 2 2
+5 1 1 0 0 1
+1 3 1 0 0 1
+1 1 1 0 0 1
+2 1 1
-2 6 0 1 1 0 1 1
+7 2
+4 2 1 0 0 1
+4 1 1 0 0 1
-22 1
+20 1
+2 2
+14 1 1 0 1 0 0 1
-1 1
+1 2
+10 9 2 3 1 1 0 1
cfi=(80) /usr/src/debug/glibc-2.43-6.fc44.x86_64/elf/dl-lookup.c
cfn=(300) _dl_lookup_symbol_x
calls=1 767 
* 591 154 65 30 25 10 0 0 2
+4 3 3
-4 1
+4 2
+10 10 4 1 1 1 0 1
+15 4 1
+9 3 1
+26 3 1 0 1 0 0 1
fi=(6)
+64 1 0 1
fe=(245)
-60 8 7
-1 2 1 0 1 0 0 1

fl=(67)
fn=(236) _dl_cache_libcmp
340 48 0 0 1 0 0 1
+1 81 27
+4 127 127 0 0 18 0 0 18
-2 127
+20 127
-20 254
+20 248 0 0 1 0 0 1
+2 248
-24 103 103
+28 103
+1 103
-29 206
+32 9 6
-28 6
+8 3 3
-2 3 0 0 1 0 0 1
+1 6
-1 3
+2 9
+2 9 3 0 1 0 0 1
-3 3
+3 3
+2 6
+9 63 21

fn=(228) _dl_load_cache_lookup
386 12 0 4 1 0 0 1
+2 4 2
+3 6 2 0 1 0 0 1
+69 3 1
+5 6 2
+3 8 2 2 1 0 0 1
cfn=(234) search_cache
calls=2 198 
* 2484 390 52 12 34 0 12 34
* 2
+15 4 2
+4 4
+8 4 0 2
cfi=(23) /usr/src/debug/glibc-2.43-6.fc44.x86_64/string/../sysdeps/x86_64/multiarch/../multiarch/strlen-sse2.S
cfn=(64) strlen
calls=2 57 
* 70 10
+1 2
-1 2
+1 22 0 0 1 0 0 1
+1 4
-1 2
+1 2 0 2
cfi=(30)
cfn=(84)
calls=2 210 
* 22 6 4
* 2
+1 2 0 2
cfi=(55) /usr/src/debug/glibc-2.43-6.fc44.x86_64/string/strdup.c
cfn=(180) strdup
calls=2 40 
* 166 30 20
* 2
+1 8 6 0 1 0 0 1
-3 4 0 2
394 5 0 2 1 0 0 1
cfi=(54) /usr/src/debug/glibc-2.43-6.fc44.x86_64/elf/dl-misc.c
cfn=(230) _dl_sysdep_read_whole_file
calls=1 36 
* 103 16 16 3 1 3 3 1 3
* 1
+8 6 2 0 1 0 0 1
+1 6 2 0 0 1 0 0 1
-17 2
+17 2 1 0 1 0 0 1
+3 2
+1 1 1
-1 4 0 0 1 0 0 1
fi=(68) /usr/src/debug/glibc-2.43-6.fc44.x86_64/elf/../sysdeps/generic/dl-cache.h
194 1 1
+1 5
fe=(67)
414 1 0 1 1 0 0 1
+1 2 0 1

fn=(234)
198 12 0 8 1 0 0 1
+8 26 0 10 1 0 0 1
332 11
206 22
+2 105 0 0 1 0 0 1
+1 21
-23 42
+23 21 21 0 0 16 0 0 16
+4 42
+4 63 42 21
cfn=(236)
calls=21 340 
* 1593 243 0 4 17 0 4 17
+1 42
329 19
+1 8
206 16
336 2 0 0 1 0 0 1
208 18 4 4 1 0 0 1
+20 3 3
+3 6
+2 12 0 3
cfn=(236)
calls=3 340 
* 305 47 0 0 1 0 0 1
* 6
+2 1
-9 12 4
+9 6 0 2 1 0 0 1
+37 12 0 4
-27 4
+10 4 2 0 1 0 0 1
+1 6 2
+7 4 2
+9 2
fi=(68)
125 2 2
fe=(67)
272 8 0 0 1 0 0 1
+9 4 2
+5 4
+27 4 2
+2 4 4
+21 12 10

fn=(528)
508 1 0 0 1 0 0 1
+1 4 1 0 1 1 0 1
-1 1 0 1
+3 1 1
-3 1
+3 1 0 1
cfi=(141) /usr/src/debug/glibc-2.43-6.fc44.x86_64/misc/../sysdeps/unix/syscall-template.S
cfn=(530) munmap
calls=1 117 
* 6 1 0 1 0 0 1
+7 1 1
-6 1 0 1
+4 1 0 1
+2 1 1

fl=(80)
fn=(306) check_match
70 1314 219 219 2 103 0 1 75
+3 219 219
-3 657 0 219 2 0 1 1
+3 1314 219 0 0 24 0 0 21
+13 1971 0 438
+3 922 242 121 1 0 1
cfi=(34)
cfn=(100)
calls=121 +9 
* 6523 1044 0 35 113 0 28 75
* 242
+4 438 438 0 1 1 0 1
+1 438
+4 430
+4 430 430 0 0 64 0 0 23
+1 1935 860 0 1 13 0 1
+1 1050 420 630 0 2 1 0 0 1
cfi=(34)
cfn=(100)
calls=210 -6 
* 6045 1502 0 2 19 0 2
* 840 420
+54 642 428 0 1
+1 642 642 0 1 0 0 1
-18 8 0 0 1
+2 8 8 0 0 3
+1 4
-1 8
+1 12
-1 8
-34 15 5 0 1 0 0 1
+1 5 5
+1 20 15
-33 5
+81 15 15

fn=(304) do_lookup_x
344 2464 672 896 2 0 3 1 0 2
fi=(82) /usr/src/debug/glibc-2.43-6.fc44.x86_64/elf/../sysdeps/generic/dl-protected.h
29 224
fe=(80)
344 1120 0 1120
+6 224 224 0 2 1 0 1
fi=(82)
29 224 0 224
fe=(80)
351 224 224
fi=(82)
29 896 224
fe=(80)
393 2637 879 0 0 6
+8 879 879 0 0 3
-4 879 0 879
+1 879 0 879
+3 3516 1758 0 2 7 0 1
+1 1758 1758 0 0 1
+3 879 879
-3 879 0 879
+4 1758
+3 879
+4 879 879
-4 879
+1 879 879
-2 879 879 0 0 117 0 0 64
+5 2637
+3 6153
+99 1992
355 1758 1758 0 2 2 0 1
+3 1758
+4 1758 0 0 2 0 0 1
+21 1758 879 0 0 2
+4 1758 879
fi=(4)
151 428 214 0 2 0 0 1
+1 642
fe=(80)
473 428
fi=(82)
29 428
fe=(80)
480 1568 214 0 2 0 0 1
+16 428 214 214
+1 214 0 214
+1 428 214
+21 1344 1344
-52 2 1 0 1 0 0 1
+48 4 1
+3 20
-98 651 0 0 2 0 0 1
-1 434 434 0 0 110 0 0 62
+2 434
+2 430 215 215
+5 2365 0 1505 2 0 1 1
+8 732
-10 2290 458 0 0 148 0 0 107
+3 876 438 0 2 0 0 1
-1 219
+1 657 219 219 0 0 3 0 0 1
-1 219
+1 438 219 219
-1 219
+1 219 0 219
-1 219
+1 219 219 219 0 0 1 0 0 1
+1 219
-1 438 219 219
+1 219
-1 657 219 219 2 0 0 1
cfn=(306)
calls=219 70 
* 26160 7131 1627 48 342 3 36 194 1
+4 2583 1284
+51 108 36 0 1 0 0 1
-39 8 6 0 1 0 0 1

fn=(300)
767 448 0 224 2 0 0 1
+3 224
-3 2912 0 1792 0 0 4 0 0 1
+3 224 0 224
fi=(81) /usr/src/debug/glibc-2.43-6.fc44.x86_64/elf/../sysdeps/generic/dl-new-hash.h
74 224 224 0 0 102 0 0 100
+3 448 0 0 2 0 0 1
-8 224
+1 448
+10 224 224 0 0 2 0 0 2
+1 448
-1 1341 1341 0 0 11 0 0 10
+1 2682
+20 1463
-2 1463
+6 1463
-3 2926
+2 1463
-30 1463 1463 0 0 17 0 0 17
+3 2926
fe=(80)
770 224 224
-1 224 0 0 2 0 0 1
+4 224 0 224 0 0 1
-4 224 0 224
+1 224 0 224
+7 868 210
+5 448 448 0 0 3
-2 448 224
+6 448 0 0 2 0 0 1
-7 448 0 224
-8 224 224
+15 498 10
+1 3136 1120 1568 2 0 4 1 0 3
cfn=(304)
calls=224 344 
* 90354 26949 9966 73 739 11 50 427 5
* 672
+5 672 448
+23 214 214
+1 1264 209 0 2 0 0 1
+7 214 214
-7 214
+35 1284 214
+14 642 214 0 0 3
+3 428 214
+17 214 214 0 2 0 0 1
-74 214 0 214
+76 1926 1498
-76 10 0 10
+76 90 70
fi=(81)
87 102 0 0 1 0 0 1
+1 102
+1 204
+1 102
fe=(80)
794 70 20 0 2 0 0 2
+78 10 0 0 1 0 0 1
-60 20
+54 2 0 1 1 0 0 1

fl=(47)
fn=(470)
1177 3 0 0 1 0 0 1
+1 12 6
-1 15 0 3
+9 3 3
+3 3 3 0 0 2
+1 3
+4 9 3 0 1 2 0 1
+45 3
-9 6
+3 6 0 3 0 0 1 0 0 1
+1 9 3 3 1 0 0 1
+5 3
-3 3 0 3
+4 6 6

fn=(142)
228 1 0 0 1 0 0 1
+2 2 1
+1 1 1
+15 2 1

fn=(242) _dl_assign_tls_modid
161 8 0 2 1 0 0 1
+3 6 4
+53 2
+2 2 0 2
+3 2 0 2
+1 4 4

fn=(472)
1138 1 0 0 1 0 0 1
+1 1 1
+3 4 1 0 1 0 0 1
+6 6 3
-6 9
+2 12 4 0 0 1
+1 8
+6 1 0 1 0 0 1
+1 1 1

fn=(268)
133 2 0 1 1 0 0 1
+3 1
-3 3 0 1
+3 1 0 0 1 0 0 1
-3 1 0 1
+3 1
-3 1
+3 1 0 1
cfi=(12)
cfn=(30)
calls=1 435 
* 17 4 1 0 2 0 0 2
* 1 1
+1 4 0 1
cfi=(12)
cfn=(30)
calls=1 435 
* 17 4 1 0 2 0 0 1
+1 1
+2 1
-3 1 1
+1 2
+2 3 0 0 1 0 0 1
+3 1
+2 1 0 1
-26 3
+28 3 0 1
+1 5 4

fn=(274)
517 5 0 2 1 0 0 1
fi=(75) /usr/src/debug/glibc-2.43-6.fc44.x86_64/elf/./dl-tls_block_align.h
23 1 1
fe=(47)
+74 1 1 1
523 2 1 0 1 0 0 1
fi=(29)
56 1 1 1
cfi=(28)
cfn=(80) __minimal_malloc
calls=1 -20 
* 103 20 18
fe=(47)
525 2
fi=(75)
41 2 1 1
+6 5
+5 1
-5 1
+5 1
-4 1 0 0 1 0 0 1
+4 1 0 1
cfi=(10) /usr/src/debug/glibc-2.43-6.fc44.x86_64/string/../sysdeps/x86_64/multiarch/../multiarch/memset-vec-unaligned-erms.S
cfn=(20) memset
calls=1 +85 
* 273 1 148 0 0 37 0 0 37
fe=(47)
535 1 0 1 0 0 1 0 0 1
fi=(75)
52 1
fe=(47)
537 1 0 1
cfn=(278) allocate_dtv
calls=1 -77 
* 48 10 9 2 0 1 2 0 1
* 1
+1 2
+2 2 1
103 2 2 1
545 4 3

fn=(278)
460 1 0 1 1 0 0 1
fi=(29)
44 1
fe=(47)
460 4 0 2
+5 1 1
+5 1
fi=(29)
44 1 1 1
cfi=(28)
cfn=(76)
calls=1 +36 
* 28 4 3
fe=(47)
471 2 0 0 1 0 0 1
-2 1
+11 1
-11 1 0 1 0 0 1 0 0 1
+11 2 0 1
+6 4 4

fn=(270)
251 4 0 1 1 0 0 1
+37 1 1
-37 3 0 3
+37 3 0 1
-2 1
-32 1 0 0 1 0 0 1
-1 1
-1 2
+63 9
+3 3
-3 15
+5 3
+7 3 0 3
-7 12
+3 3
-34 3 3
-1 6
+1 2 2
-1 4
+3 15 5 0 1 1 0 1
+4 3 3
-1 3 3
+5 3
-5 3
+1 3
-1 3
+3 6
+2 9 0 0 1 0 0 1
-11 1 1 0 1 0 0 1
fi=(74) /usr/src/debug/glibc-2.43-6.fc44.x86_64/elf/../sysdeps/unix/sysv/linux/dl-extra_tls.h
32 3
+12 1
-12 1 0 1
cfi=(12)
cfn=(30)
calls=1 435 
* 18 4 1 0 2 0 0 2
+1 3 1
+4 10 2 0 1 0 0 1
+14 4 0 1
cfi=(12)
cfn=(30)
calls=1 435 
* 18 4 1
+1 3 1
fe=(47)
350 6 0 0 1 0 0 1
+14 1
+91 1 0 1
+1 1 1
-95 1
+2 1 0 1
+93 1 1
-95 2 0 1
+3 3 1
+92 1 1
-92 3
+2 2 0 1
+90 2 2
fi=(74)
54 1 1 0 1 0 0 1
fe=(47)
344 3
+6 3

fn=(474)
612 6 0 3 1 0 0 1
+1 3 0 1
+4 1 1 0 0 1
+6 2 0 1
+3 4 0 3 1 0 0 1
-9 1 0 1
+6 1 1 1 0 1
cfi=(25)
cfn=(90) rtld_mutex_dummy
calls=1 43 
* 3 1
+3 3 2 0 0 1
+36 1 1
-43 1
+43 2
-19 12 1 1 1 0 0 1
+9 9 3
+1 6
+6 9 6 0 1 0 0 1
+3 3 3 0 0 2
-2 3
+6 3 3 0 0 1
-6 3
+2 6 3 0 0 1
+4 3
-4 9 3 3 0 0 1 0 0 1
+3 6
+4 6 0 0 1 0 0 1
+1 12 6 0 0 1
+2 6
+1 6 3
+9 3 0 3
+10 6 3
+2 15 3 12 1 0 0 1
cfi=(30)
cfn=(136) mempcpy
calls=3 197 
* 55 11 8 1 3 4 0 1 3
* 18 6 3
cfi=(10)
cfn=(20)
calls=3 137 
* 52 3 12
+3 9 6
+1 3 0 3
+4 3 3
-59 12 3
+6 8 0 0 1 0 0 1
+59 2 1 1
cfi=(25)
cfn=(90)
calls=1 43 
* 3 1
+3 7 6 1
+3 3 3 0 1 0 0 1

fl=(51)
fn=(154)
32 5 0 1 1 0 0 1
+1 3 1 0 0 1 0 0 1
+1 2 1
+5 6 0 4 1 0 2 1 0 2
+1 4 0 4 0 0 1 0 0 1
+1 4 0 4 0 0 1 0 0 1
+1 4 0 4 1 0 0 1
+2 1
+3 3 1 1
+1 2
-1 6 2 2
+1 4
+3 4 2
+1 4 2 0 1 0 0 1
+1 4 2
+1 4 2
+2 3
+6 1 1 0 1 0 0 1
-1 1
+1 1 1
+2 2 2
-1 2 2
+2 1 1
+2 6 1
-5 12 12 0 0 1 0 0 1
-1 12
+1 12 12
+2 24 24
-1 24 24
+2 12 12
+2 72 12
+2 1
+1 2
+1 1 1 0 1 0 0 1
-1 2
+1 1 1

fl=(142)
fn=(480) _dlfo_process_initial
505 10 0 4 1 0 0 1
+1 2 2
-1 4 0 4
+4 4 2
+5 10 2 2 1 1 0 1
-1 6 0 2
+1 6
+1 6 2
+1 10 10 0 0 1
-1 20
+3 36 8 0 1 1 0 1
+3 32 8 0 0 1
-7 12 6 0 1 0 0 1
+34 2
-2 2 0 2
+2 10 10
-24 16 8 0 1 0 0 1
+5 24 8 0 0 1
+3 4
-1 12 0 4
cfi=(143) /usr/src/debug/glibc-2.43-6.fc44.x86_64/elf/./dl-find_object.h
cfn=(478) _dl_find_object_from_map
calls=4 105 
* 456 74 28 0 45 3 0 0 3
+2 16 0 0 1 0 0 1

fn=(476)
578 4 0 1 1 0 0 1
+3 1 1 0 0 1
-3 1 0 1
+5 2 1 0 1 0 0 1
+13 1 0 1
cfn=(480)
calls=1 -91 
* 114 33 7 6 5 0 6
* 1
+1 3 1
fi=(29)
56 1 1 1
cfi=(28)
cfn=(80)
calls=1 -20 
* 18 3 3 0 1 1
fe=(142)
597 1 0 1
+2 2
+3 3 0 1 1 0 0 1
+5 1 0 1
+1 1 0 1
cfn=(480)
calls=1 505 
* 586 107 39 0 45 3 0 0 3
+3 4 2
+10 3 3
-37 2 0 1 1 0 0 1
cfi=(143)
cfn=(478)
calls=1 105 
* 118 19 7 3 11 1 3
* 1
+29 1 0 1
cfn=(482) _dlfo_sort_mappings
calls=1 -60 
* 152 34 24 3 0 0 3
+3 6 3 1 1 0 0 1
+2 1

fn=(482)
553 1 0 0 1 0 0 1
+1 2
-1 2 0 1
+4 2
-4 2 0 1
+4 1
-4 3 0 1
+8 1
+1 1
-1 1 1
+1 2 0 0 1 0 0 1
-1 2
+1 2
-1 2 2
+1 19
+1 6 3
+2 6
-3 12
+1 6 3
+2 6
-3 12
+8 9 3 0 1 0 0 1
+1 3 3
-1 9 9
+1 15 6 9
+1 12 0 12
-15 9
+17 4 4

fl=(21) /usr/src/debug/glibc-2.43-6.fc44.x86_64/elf/../sysdeps/x86/dl-cacheinfo.h
fn=(52) handle_intel.constprop.0
266 24 12 0 1 0 0 1
-5 12 0 12
+17 12
-17 84 0 48 1 0 0 1
+11 12 0 12
+6 36
+4 24
+34 84 72
-29 12
+3 24 0 0 1 0 0 1
-3 12
+3 12 0 12
cfn=(54) intel_check_word.constprop.0
calls=12 133 
* 4044 420 60 6 6 0 6 6
+2 24
+3 60 0 12
cfn=(54)
calls=12 133 
* 1307 96 60 4 0 0 4
+2 24

fn=(58) get_common_cache_info.constprop.0
624 11 0 5 1 0 0 1
+18 1 1
+29 1 1
-32 1 1 0 1 0 0 1
+32 1
-17 2
-11 1 1
+28 3 0 1
+4 2
-26 1 0 1
+31 1
-14 1 0 1
+17 1 0 1 1 0 0 1
-32 4 1 1
+32 3 0 1
+10 26
+14 2
+4 1
+3 1
+1 1
-4 2 0 1
+3 3 0 1
+6 2
-37 12
+6 6
-6 3 0 0 1 0 0 1
+6 2
+1 8
828 1 1 0 1 0 0 1
+7 1 0 1
+1 1 0 1
+1 1 0 1
+1 6 6
698 2 0 0 1 0 0 1
+4 1
+1 1
-1 2 0 0 1 0 0 1
+18 2
-69 6 2
+75 4 1
+8 1
+2 1 1 0 1 0 0 1
-2 5 1
+2 2
-2 2
+22 5 0 1
+5 2
-21 4
+4 2
-4 3 0 0 1 0 0 1
+4 6
+2 4
+3 2
+5 1
+2 2
+1 1
+1 1
-2 2 0 0 1 0 0 1
+1 1
-19 8 1
+46 2
+2 1 1
-1 1
+1 2
+2 2 1
-1 1 0 1
+25 1 1 0 1 0 0 1
+11 2
+1 5
+4 2 1
-64 2 0 0 1 0 0 1
-7 1
+11 2 1
+3 1 1
+2 4
+1 2 0 1
+5 2 0 0 1 0 0 1

fn=(54)
133 48 0 0 1 0 0 1
-4 24 0 24
+10 72 0 0 1 0 0 1
-10 48 0 24
+90 24
-90 48 0 24
+10 48
-10 48 0 48
+97 24
-87 24
+73 72 48
-73 24 0 0 1 0 0 1
+73 72
-71 96
+2 60
+2 120
+8 120
+51 96 0 0 1 0 0 1
+22 96
fi=(22) /usr/src/debug/glibc-2.43-6.fc44.x86_64/elf/../bits/stdlib-bsearch.h
28 48
fe=(21)
226 48
fi=(22)
28 96
fe=(21)
+92 96 48 0 0 1 0 0 1
+3 588
fi=(22)
-97 648
+2 828 0 0 1 0 0 1
fe=(21)
+92 552 276 0 0 5 0 0 5
+15 12
257 144 144
fi=(22)
44 60 0 0 1 0 0 1
-1 60
+3 120
fe=(21)
165 36
+3 36
+9 24
+1 24
+1 24
+1 24 0 0 1 0 0 1
-18 24
+12 24
+1 24
+22 21
-32 63
+3 63
+4 64
+2 128 0 0 1 0 0 1
+3 58
+1 50
+1 38
+1 24
+2 11
+2 22
+6 14
+3 8 0 0 1 0 0 1
+1 12
-3 9
+9 2
-14 4 0 0 1 0 0 1
+2 4
+1 4
-2 4
-1 4
+2 8
-2 4
+3 4
-2 12
+2 12

fl=(144)
fn=(486)
30 2 0 1 1 0 0 1
+10 4 0 0 1 0 0 1
-10 3 0 2
+7 1 1
+3 2 0 1
cfi=(145) /usr/src/debug/glibc-2.43-6.fc44.x86_64/elf/dl-lookup-direct.c
cfn=(488) _dl_lookup_direct
calls=1 +34 
* 280 59 19 12 7 0 12 3
+4 2
+1 9 3 0 1 0 0 1
+2 5
-2 1 0 1
+2 1 0 1
cfi=(145)
cfn=(488)
calls=1 +27 
* 258 59 19 0 6 0 0 1
* 1
+4 2
+1 6 3 0 1 0 0 1
+1 2 2
-1 1 0 1
+1 2 2

fl=(240) /usr/src/debug/glibc-2.43-6.fc44.x86_64/elf/dl-call_fini.c
fn=(910) _dl_call_fini
24 30 0 10 2 0 0 1
+4 10 5
+6 5 5 0 0 5
-2 5 0 5
+3 10
+4 6 6 0 0 3
+3 9 0 3
-4 18 6 3 1 1 0 1
+5 3 3 3 0 3
cob=(5)
cfi=(246)
cfn=(966)
calls=1 +15 
* 39 11 9 3 2 0 2 2
cob=(4)
cfi=(160)
cfn=(938)
calls=1 -43 
* 826 260 146 48 38 15 13 0 2
cob=(6) /home/asder8215/coding-project/components_redesign/target/release/components_redesign
cfi=(170) ???
cfn=(912) 0x0000000000014be0
calls=1 -43 
* 95 24 16 11 5 1 7 1 1
* 1 1 1
cob=(5)
cfi=(169)
cfn=(970)
calls=1 -43 
* 96 24 16 3 3 0 3
-1 18 6
+5 3 3 0 0 3
+1 6
-1 2 2 0 0 2
+1 4
+1 3 3
+1 3 3
-1 3 3 0 0 2
+1 3 3
-1 3
cob=(3)
cfi=(154)
cfn=(986)
calls=1 -49 
* 4 1 0 1 0 0 1
cob=(3)
cfi=(154)
cfn=(964)
calls=1 -49 
* 4 1 0 1 0 0 1
cob=(3)
cfi=(154)
cfn=(934)
calls=1 -49 
* 4 1 0 1
+1 6 6 0 1 0 0 1

fl=(64) /usr/src/debug/glibc-2.43-6.fc44.x86_64/io/../sysdeps/unix/sysv/linux/close_nocancel.c
fn=(210) __GI___close_nocancel
25 4 0 0 1 0 0 1
+1 16
+1 4 4

fl=(69) /usr/src/debug/glibc-2.43-6.fc44.x86_64/misc/../sysdeps/unix/sysv/linux/setvmaname.c
fn=(238) __set_vma_name
60 20 0 8 2 0 0 2
+1 2 0 2
cfn=(240) __is_decorate_maps_enabled
calls=2 -28 
* 44 10 4 1 1 1 1 1 1
* 4
+9 12 10

fn=(240)
33 4 0 0 1 0 0 1
+1 14 4
+9 3
+7 3 3
-17 1 0 1
+4 2
-4 2
+4 2 0 1 0 0 1 0 0 1
cfi=(12)
cfn=(30)
calls=1 435 
* 18 4 1 0 1 0 0 1
* 3 1
+5 1 0 1
+1 1
+7 2 2

fl=(159) /usr/src/debug/glibc-2.43-6.fc44.x86_64/elf/dl-init.c
fn=(542) call_init
29 12 6 0 1 0 0 1
-2 18 0 6
+8 6 6
-8 48 0 24 1 0 0 1
+8 12
+2 12
+6 5 5
+3 5 5
-3 10 0 5
+3 10 5 0 0 4
+5 8 4 0 1 0 0 1
+8 12 4 0 0 4
+1 12 4 2 0 2
cob=(3)
cfi=(154)
cfn=(566)
calls=1 -60 
* 7 2 0 1 1 0 1
cob=(3)
cfi=(154)
cfn=(544)
calls=1 -60 
* 7 2 0 1 1 0 1
+3 4 4 0 0 3
+1 8
+6 9 6 0 1 2 0 1
+3 6
-1 24 6 3
+2 12 3 3 0 1
cob=(5)
cfi=(169)
cfn=(576)
calls=1 -74 
* 12 1 0 2 0 0 2
cob=(2)
cfi=(165) /usr/src/debug/glibc-2.43-6.fc44.x86_64/libio/stdfiles.c
cfn=(564) _IO_stdfiles_init
calls=1 -10 
* 22 5 3 1 4 1 1
cob=(2)
cfi=(164) /usr/src/debug/glibc-2.43-6.fc44.x86_64/libio/vtables.c
cfn=(562) check_stdfiles_vtables
calls=1 545 
* 12 7 0 2 4 0 2
* 12 3 3 0 2
cob=(5)
cfi=(166)
cfn=(570)
calls=1 -14 
* 367 13 44 40 1 1 40 1 1
cob=(2)
cfi=(161) /usr/src/debug/glibc-2.43-6.fc44.x86_64/csu/init-first.c
cfn=(554) _init_first
calls=1 -28 
* 76 19 10 10 5 3 10 2 1
cob=(4)
cfi=(160)
cfn=(548)
calls=1 -74 
* 12 1 0 3 0 0 3
-1 21 3
+3 36 36 0 1 0 0 1
-29 2

fn=(540) _dl_init
81 13 0 6 1 0 0 1
+1 1 1 0 0 1
+1 1 1
+3 3 1 0 1 0 0 1
+8 2
+25 1 1
+1 5
+1 5 2 0 1 1 0 1
-1 1
+1 1 0 1
cfn=(542)
calls=1 -92 
* 38 14 6 0 2
* 20 8
-1 4
+1 4 0 4
cfn=(542)
calls=4 -92 
* 698 111 88 56 26 5 56 3 2
-1 10
+7 8 7
-22 1 0 1 1 0 0 1
-17 1 0 1 0 0 1
cfn=(542)
calls=1 -59 
* 83 25 9 9 6 0 9
+1 3 1 1 1 0 0 1

fl=(28)
fn=(80)
36 26 0 0 1 0 0 1
+1 78 26 0 0 1
+11 75 25
+3 25
-3 25 0 25
+3 50
-3 2
+3 1
-3 1 0 1
+3 98 0 0 1 0 0 1
+5 8 2
+1 4
-21 2 0 2
+24 6 0 0 1 0 0 1
-24 6 0 2
+24 2
-24 2 0 2
+23 2
+1 4
-24 2
+24 2 0 2
cfi=(61) /usr/src/debug/glibc-2.43-6.fc44.x86_64/misc/../sysdeps/unix/sysv/linux/mmap64.c
cfn=(198) mmap
calls=2 -13 
* 52 8 6 0 0 1 0 0 1
+2 4
+2 10 0 4 1 0 0 1
cfi=(69)
cfn=(238)
calls=2 -4 
* 82 20 14 3 1 1 3 1 1
+1 8 4
+2 2
+4 2
-1 2 0 2
-3 2 0 2
+4 2 0 2
+2 10 8
-3 24 0 24 0 0 2 0 0 1
+1 24 0 24
+2 24 24
-30 1 1 0 1 0 0 1
-1 1
+1 1
+1 2
-2 2 0 1

fn=(76)
80 10 0 0 1 0 0 1
+4 30
+3 10
+1 30
fi=(29)
-32 20 10 0 1 0 0 1
cfi=(28)
cfn=(80)
calls=10 -20 
* 303 53 50 8 1 3 8 1 3
fe=(28)

fl=(70) /usr/src/debug/glibc-2.43-6.fc44.x86_64/io/../sysdeps/unix/sysv/linux/pread64_nocancel.c
fn=(244) __pread64_nocancel
25 4 0 0 1 0 0 1
+1 8
+1 2 2

fl=(14) /usr/src/debug/glibc-2.43-6.fc44.x86_64/elf/dl-sort-maps.c
fn=(252) dfs_traversal.part.0
135 50 0 10 2 0 0 1
+10 10 10 0 0 3
-2 10 0 10
+2 20 0 0 2 0 0 1
+2 28 7 0 0 3
-7 30 15
+7 60 15
+9 20
+15 30 10 10
+1 10 0 10
+1 20 20
-17 15 5 0 2 0 0 2

fn=(250) _dl_sort_maps
298 24 0 12 2
+8 2 2 0 0 1
-8 2 0 2
+8 4 0 0 2 0 0 1
-95 2 0 0 2 0 0 1
-28 2 0 0 2 0 0 1
-2 2 0 2
+1 2 2
+29 2
-28 8
+1 2 2
-1 2
+1 2 0 2
-1 4
+1 8 8
-1 8
+1 8 0 8
-1 16
+28 28 0 2 2 0 0 1
+5 2
+3 6 0 2 2 0 0 1
-3 2 0 2
+3 12 2 2
-1 2 0 2
+3 30 0 2
+2 10 10
-83 20 10 0 2 0 0 1
+3 30 0 10
cfn=(252)
calls=10 -8 
* 303 82 40 6 6 0 4
+83 30 10
+18 12 8
+32 8 2 0 4 0 0 2
+7 2
+27 16 14 0 2 0 0 1
-47 6 0 2 2 0 0 1
cfi=(30)
cfn=(84)
calls=2 -53 
* 38 10 8 3
* 2

fn=(28) _dl_sort_maps_init
289 2 0 1 1 0 0 1
+1 2
-1 2
+1 2 0 1
cfi=(12)
cfn=(30)
calls=1 435 
* 18 4 1 2 2 0 2 2
+2 3 1 0 1 0 0 1
-1 1 0 1
+2 2 2

fl=(52)
fn=(158)
258 6 0 3 1 0 0 1
+2 1
-2 1
+2 1
-2 2 0 1
+2 1
-2 1
+2 1 0 1
cfn=(160) _dl_catch_exception
calls=1 -52 
* 2549 565 302 113 37 39 113 37 39
* 1
+1 2 1 1 1 0 0 1
+1 1 1
+1 1 1
-1 1 0 1
+3 1
-2 1 0 1
+2 6 5

fn=(160)
208 36 0 18 1 0 2 1 0 2
58 6 6 0 0 1 0 0 1
208 12 0 12 0 0 1 0 0 1
+3 12
+21 12 6 6 1 0 1 1 0 1
+1 12 0 6
58 12
239 18 0 6 1 0 1 1 0 1
cfi=(53) /usr/src/debug/glibc-2.43-6.fc44.x86_64/setjmp/../sysdeps/x86_64/setjmp.S
cfn=(162) __sigsetjmp
calls=6 31 
* 144 30 54 2 0 3 2 0 3
* 18
+2 24 12 12
cfi=(66)
cfn=(224) openaux
calls=5 61 
* 10772 2072 1003 66 104 92 66 104 92
cfi=(2)
cfn=(164)
calls=1 641 
* 2481 548 278 106 35 35 106 35 35
69 18 12
+1 12 6 6
243 24 6 12
+9 18 18
59 12 6 6 1 1 0 1 1
+11 18 0 6 1 0 0 1

fn=(254)
190 2 0 1 1 0 0 1
58 1 1
190 3 0 2 1 0 0 1
+2 1 1
58 1
+1 1 1
+11 1 0 1
196 1 0 1
+2 2 0 1
cfi=(2)
cfn=(256)
calls=1 674 
* 11460 3505 709 43 62 38 43 57 37
69 2 1
+1 1 0 1
201 1 0 1
+1 4 4 0 1 0 0 1

fl=(8)
fn=(14)
25 5 0 0 1 0 0 1
+3 15 5
+3 15 10
+1 10 5 5 1 5 0 1 5
+2 5 5 0 0 2 0 0 2
-1 5 5
+3 15
+1 5 0 5
+1 10 5
+2 5 0 5
-2 5 0 5
+3 10
+4 10
-2 5 0 5 1 0 0 1
+2 10 0 5
+5 5 5

fl=(40) /usr/src/debug/glibc-2.43-6.fc44.x86_64/elf/dl-hwcaps.c
fn=(134) copy_hwcaps
73 6 0 4 1 0 0 1
+6 2
-6 2 0 2
+6 2
-6 6 0 2
fi=(42) /usr/src/debug/glibc-2.43-6.fc44.x86_64/elf/./dl-hwcaps.h
-30 2 0 2
+2 2 0 2
+32 2 0 2
+1 2 0 2
fe=(40)
-2 2
+2 4 4 0 1 0 0 1
+1 4 4
-1 2 0 2
+1 8 0 6 0 0 1 0 0 1
cfi=(30)
cfn=(136)
calls=2 197 
* 26 6 4 1 0 0 1
+4 2 0 2
+2 2 2
+2 2
-3 2 2
+1 4 0 2
+1 4 0 2
+1 2 0 2
-11 4 0 2
cfi=(43) /usr/src/debug/glibc-2.43-6.fc44.x86_64/elf/dl-hwcaps_split.c
cfn=(122) _dl_hwcaps_split_masked
calls=2 -25 
* 133 28 17
* 4 0 2
cfi=(43)
cfn=(122)
calls=2 -25 
* 172 35 23
* 8
+13 12 10

fn=(114) _dl_important_hwcaps
171 7 0 4 1 0 1 1 0 1
+3 1
-3 1 0 1
+3 1
-3 6 0 4 1 0 1 1 0 1
+2 1 0 1
cfi=(41) /usr/src/debug/glibc-2.43-6.fc44.x86_64/elf/../sysdeps/x86_64/dl-hwcaps-subdirs.c
cfn=(116) _dl_hwcaps_subdirs_active
calls=1 29 
* 31 6 0 3 0 0 3
fi=(42)
43 1 0 1
fe=(40)
173 1 0 1
fi=(42)
45 1 0 1
+32 1 0 1
+1 1 0 1
fe=(40)
-27 3 0 1 1 0 0 1
cfi=(43)
cfn=(122)
calls=1 * 
* 20 5 3 3 0 0 3
* 2
fi=(42)
-8 1
+2 1 0 1
-2 1 0 1
+34 2 1 1
+1 2 1 1
fe=(40)
-27 1 0 0 1 0 0 1
+3 2 2
-1 2
+1 2
+2 4
-5 4 0 2
cfi=(43)
cfn=(122)
calls=2 * 
* 133 28 17
* 2 0 1
cfi=(43)
cfn=(122)
calls=1 * 
* 152 30 20 3 1 0 3 1
* 6
+48 4 0 2
fi=(29)
-43 2 1 1 1 0 0 1
cfi=(28)
cfn=(80)
calls=1 -20 
* 18 3 3
fe=(40)
+43 1 0 1
+2 2
+3 2 1 1
+3 1
fi=(42)
-64 1 0 1
+2 1 0 1
fe=(40)
+66 3 0 1 1 0 0 1
cfi=(43)
cfn=(124) _dl_hwcaps_split
calls=1 -86 
* 7 2
* 2
fi=(42)
-68 1
+2 1 0 1
-2 1 0 1
+34 2 1 1
+1 2 1 1 1 0 0 1
fe=(40)
+46 1
+2 10 4 2 0 0 1 0 0 1
+1 4 2 2
+1 2
+1 2
-1 2 0 2
-4 4 0 2
cfi=(43)
cfn=(122)
calls=2 -73 
* 133 28 17
* 2 0 1
cfi=(43)
cfn=(122)
calls=1 -73 
* 152 30 20
* 6 0 0 1 0 0 1
+8 3
+9 3 1
+3 10 1 6 1 0 0 1
-2 7 1 1
+8 2 2 0 1 0 0 1
+4 2 2
-4 2
+4 3 0 1
cfi=(45) /usr/src/debug/glibc-2.43-6.fc44.x86_64/string/../sysdeps/x86_64/multiarch/../multiarch/memcmp-sse2.S
cfn=(130) bcmp
calls=1 -95 
* 19 5 0 3 0 0 3
+1 2
+1 1
+4 1 1
+1 2 1
+1 1 0 1
-20 2 0 0 1 0 0 1
+19 1 0 1
+1 1 0 1
-20 3 1
-1 7 5 0 1 0 0 1
+47 4 1 2 0 0 1 0 0 1
-3 1
+7 1 1
-7 1
+7 1
fi=(29)
56 1 1 1
cfi=(28)
cfn=(80)
calls=1 -20 
* 18 3 3
* 1
fe=(40)
193 2
+8 1 1
+1 5 0 1 1 0 0 1
-1 3 1
+1 2 0 2
cfn=(134)
calls=1 73 
* 44 10 12 1 0 0 1
+1 5 2 1
cfn=(134)
calls=1 73 
* 379 81 68 2 0 1 2 0 1
* 1 1
+4 1 1
-23 1 1 0 1 0 0 1
+23 1 0 1
+1 1 0 1
-24 3 1 1
+31 9 7

fl=(73)
fn=(260) _dl_check_map_versions
155 20 0 5 1 0 0 1
+15 20 5 5
+2 30 10 15
+2 15 5 5 1 1 0 1
+1 5 5
+2 10
+3 9 6 3
+4 6 3 0 0 2 0 0 2
-20 3 0 3
-8 3 0 3 1 0 0 1
+69 18 0 9
36 6 3
200 6 6
36 13 5 0 1 0 0 1
200 4 4
36 21 2
+1 16 16
-1 32
+2 63 0 21
cfi=(54)
cfn=(170) _dl_name_match_p
calls=21 +30 
* 2164 471 107
* 52
208 10
+5 5 5
99 20 5 15 1 0 0 1
213 10
+4 10 10 0 0 2 0 0 2
+1 10 10
-1 5
+4 10 5 5
-3 20 15 0 1 0 0 1
-1 40 40 0 0 1 0 0 1
+1 40 40
-1 20
+4 40 20 20
-3 155 90
56 100 75
+8 50 25 0 1 0 0 1
+6 75 25 0 0 1
+16 25 25 0 0 1
+1 50
+2 25 25
+5 225 25 75 1 3 0 1 3
+14 822 411 0 0 11 0 0 11
+12 1158 386 0 0 3 0 0 3
+4 386
-30 772 386 0 0 16 0 0 15
231 100 25 0 1 0 0 1
+3 75 25 0 0 3 0 0 3
+5 20
-24 20
110 25 25 0 1 2 0 1 2
+3 100 25 50 0 1 0 0 1
cfi=(34)
cfn=(100)
calls=25 -15 
* 932 190 0 7 10 0 7 10
* 100 50 0 1 0 0 1
224 75 25
+4 15 10 5 1 0 0 1
+15 15 5
+5 2
-50 2
+59 18 12 0 2 0 0 2
+3 6 6
+3 15 6
+3 3 3
-3 3 0 3
+3 12
+4 3
-7 12 3
+3 9 3
+4 63
-7 252 63 0 0 2 0 0 2
+3 192 63 3 0 1 0 0 1
+8 9 3
+6 8 4 4 1 0 0 1
fi=(29)
44 4
fe=(73)
280 8
fi=(29)
44 4 4 4
cfi=(28)
cfn=(76)
calls=4 +36 
* 112 16 12
fe=(73)
281 8 4 0 1 0 0 1
-2 4 0 4
fi=(29)
44 4
fe=(73)
281 4
+13 4 4
-3 4 0 4
+3 16 8 4 0 1 1
+2 8 0 0 1 0 0 1
+3 9 6
+4 15 5
+18 20
-15 20 20
+2 80
-2 5 5
+2 20
+2 25
+1 25
-1 75 25 0 1 0 0 1
+1 25 0 25 0 0 9 0 0 9
+1 25 25
-2 25 0 25
+2 50 0 25 0 0 2 0 0 2
+1 75 25 25
+3 75 25
+8 15 5
+5 2
-28 2
+71 8
+1 6 3 0 1 0 0 1
+1 6 3
+1 2 1
+19 28 28
-60 8 0 0 1 0 0 1
+3 9 6
+20 66
-14 138 69
-2 66 66
+6 66 66
+1 66 66
+1 66 66
-1 132
+1 66
-1 66 0 66 0 0 18 0 0 18
+1 66 0 66
+1 66 0 66 0 0 8 0 0 8
+3 207 69
+11 313 4 0 2 0 0 2
+1 198 99
+1 24 0 8
164 2 0 2
-8 2 0 2
257 8 4 0 1 0 0 1
-86 1 0 1
394 3 3
274 3 1 0 1 0 0 1
377 4 3 0 1 0 0 1
+2 124 32 0 1 0 0 1
+1 60
+2 1 1
+1 2 0 0 1 0 0 1
-1 1
+1 1 0 1
cfi=(34)
cfn=(262) strncmp
calls=1 98 
* 32 7 0 4 1 0 4 1
* 3

fn=(258)
399 5 0 2 1 0 0 1
+4 3 0 1
-2 7 0 2 1 0 0 1
+4 30 5 5
cfn=(260)
calls=5 155 
* 11373 3484 696 38 62 38 38 57 37
-2 5 5 0 1 0 0 1
+1 5
-1 10
+5 7 6

fl=(9)
fn=(16)
102 5 0 2 1 0 0 1
+4 1
-4 1
+1 1 0 1
+3 1 0 1 0 0 1 0 0 1
cfn=(18) _dl_sysdep_parse_arguments
calls=1 -28 
* 575 158 79 12 16 13 12 16 13
+4 2 1 1
cfi=(12)
cfn=(24) __GI___tunables_init
calls=1 294 
* 24912 3954 20 9 59 4 9 59 4
+3 1 0 1 1 0 0 1
cfi=(14)
cfn=(28)
calls=1 289 
* 32 7 4 4 2 0 4 2
+2 2 0 1
cfi=(15) /usr/src/debug/glibc-2.43-6.fc44.x86_64/elf/../sysdeps/unix/sysv/linux/brk.c
cfn=(32) brk
calls=1 -79 
* 8 1 1 1 0 1 1 0 1
fi=(6)
+94 1 0 1
cfi=(16)
cfn=(36)
calls=1 37 
* 7157 835 476 102 27 9 102 27 9
fe=(9)
-87 3 1
+1 1 0 1
cfi=(23)
cfn=(64)
calls=1 -66 
* 17 2 0 2 1 0 2 1
* 1 0 1
+2 2 0 1
cfi=(24) /usr/src/debug/glibc-2.43-6.fc44.x86_64/elf/../misc/sbrk.c
cfn=(66) sbrk
calls=1 -88 
* 13 3 1 2 0 0 2
* 3
+12 3 1 0 1 0 0 1
+3 5 3 1
cfi=(2)
cfn=(68)
calls=1 1356 
* 212059 54594 23705 815 1889 723 807 1365 701
+3 4 4 0 1 1

fn=(524)
147 1 0 0 1 0 0 1
+1 1 1

fn=(18)
78 1 0 1 1 0 0 1
+2 1
-2 8 0 5 0 0 1 0 0 1
+1 1 1
+1 1 0 1
-1 1 0 1
+2 3 0 1 0 0 1 0 0 1
+2 4 1 0 1 0 0 1
-1 1
+1 2 1
-1 84
+1 168 84 0 0 11 0 0 11
+3 1
+4 3
-4 1 0 1 0 0 1 0 0 1
+4 1 0 1 0 0 1 0 0 1
cfi=(10)
cfn=(20)
calls=1 +47 
* 63 1 28 4 0 6 4 0 6
fi=(11) /usr/src/debug/glibc-2.43-6.fc44.x86_64/elf/../sysdeps/unix/sysv/linux/dl-parse_auxv.h
-48 1 1
-9 1 0 0 1 0 0 1
+1 1 0 1
-1 1 0 1
+2 1 0 1
+7 4
+1 44 0 0 1 0 0 1
+1 44 22 22 0 5 0 0 5
-2 88 22
+23 2 1
fe=(9)
+28 3 3 0 1 0 0 1
fi=(11)
-28 1
fe=(9)
+29 1 1
+1 1 1
fi=(11)
-30 1
-18 1 1
+20 1
-19 1 1
+19 1 1
-18 1 1
fe=(9)
+44 1
fi=(11)
-41 1 1 0 1 0 0 1
+1 1 1
+1 1 1
+1 1 1
+2 1 1
+10 3 3
-15 1 0 1
+1 1 0 1 1 0 0 1
-5 1 0 1 0 0 1 0 0 1
+1 1 0 1
+5 1 0 1
+3 1 0 1 0 0 1 0 0 1
-7 1 0 1
-4 1 0 1
+1 1 0 1
fe=(9)
+47 1 0 1
+1 1 0 1
fi=(11)
-40 1 0 1 1 0 0 1
+12 1 0 1 0 0 1 0 0 1
-2 1 0 1
fe=(9)
+28 1 0 1
+3 8 7

fl=(59) /usr/src/debug/glibc-2.43-6.fc44.x86_64/io/../sysdeps/unix/sysv/linux/fstat64.c
fn=(192) fstat
30 4 0 0 1 0 0 1
+9 16
+33 4 4

fl=(79)
fn=(292)
207 60 0 35 2 0 0 2
+16 5
-16 5 0 5
+16 5
+3 15 5
-6 5 0 0 1 0 0 1
+26 15 5
+1 10 5 0 1 4 0 1
-30 6 2 2
+33 4
+7 6 2 0 0 1
fi=(6)
78 7 3 0 1 0 0 1
+6 4 3
+4 3 1 0 0 1 0 0 1
+6 1 0 1
+9 2
+23 2 1 1 0 1
fe=(79)
+88 1 0 1
fi=(4)
79 1 1
fe=(79)
296 2 1
fi=(4)
79 2
fe=(79)
296 2
fi=(4)
79 4 4 0 1 0 0 1
fe=(79)
296 8 4 0 0 1
fi=(4)
79 8
fe=(79)
296 10185 47 1099 2 13 202 2 8 200
fi=(4)
79 2 2 0 1 0 0 1
fe=(79)
296 2 2
fi=(4)
79 4
fe=(79)
296 206 53 49 3 13 0 3 1
fi=(5)
53 6 0 3
fe=(79)
296 1 1
fi=(5)
49 1 1
+4 1 1
+27 1 1
-32 1
+1 1
+1 1
-1 1
+1 1
+3 3
-3 1
+3 2 1 1
-3 1 0 1
+30 2
-27 24 0 12 1 0 0 1
fe=(79)
296 4 4
fi=(5)
49 4 4
+4 4 4
+27 4 4
-32 4
+1 4
+1 4
-1 4
+1 4
+3 12
-3 4
+3 8 4 4 1 1 0 1
-3 4 0 4
+30 8
fe=(79)
296 5 5
fi=(5)
49 5 5 0 0 2
+4 5 5
+27 5 5
-32 5
+1 5
+1 5
-1 5
+1 5
+3 15
-3 5
+3 10 5 5
-3 5 0 5
+30 10
+3 3
-11 6 0 1
fi=(6)
509 6 3
+4 6
+3 9 3 0 0 1
+1 3 0 3 0 0 1
fi=(5)
83 9
+2 12 3 0 1 0 0 1
-2 3 1 0 1 0 0 1
+13 2
fe=(79)
296 32 0 0 1 0 0 1
fi=(6)
725 35 20
+4 8 4
fe=(79)
298 20 0 0 1 0 0 1
+23 5 0 5
+3 10
+14 40 35 0 0 2
fi=(5)
105 27 0 0 1 0 0 1
+12 6 2 0 0 1
+3 32 16 8 1 4 0 1
+2 16 8
-49 4 0 4
fi=(6)
282 20 0 12 1 0 0 1
fi=(5)
124 8 8 0 0 3 0 0 2
+1 4 4
-1 4
+5 4
-5 8 4 0 0 4 0 0 3
+1 12 0 4 1 0 0 1
+4 8
-5 554 554 0 0 100 0 0 99
+1 277 277
-1 277
+5 277
-5 554 277 0 0 51 0 0 48
+1 831 0 277
+4 554
-2 234
-1 702 468 234
+1 468 234
-1 234 0 234
+1 234
fi=(6)
262 468 0 0 1 0 0 1
+7 468
+4 468
fe=(79)
170 936 234 0 0 133 0 0 128
fi=(4)
-18 657 219
fe=(79)
+19 438 0 0 1 0 0 1
+3 438 219 0 0 3
+8 1364 76 76
+4 152 152
-3 76 0 76
+1 76 0 76
+2 576 424
-3 136 0 136 1 0 0 1
+1 136 0 136
+2 756 272
+1 212
-1 212
+2 424
-1 848 212 212 1 15 0 1
+3 1272 212 636
cfi=(80)
cfn=(300)
calls=212 767 
* 123066 34410 14172 62 824 10 62 546 7
+3 212 212
+1 424 212 212
-4 212
+3 212 0 212
+1 424 424
fi=(6)
+88 657
+3 213 213 0 1 0 0 1
-3 1368 684
+4 474
+26 1386 234 0 0 4 0 0 3
493 1794 598 0 0 150 0 0 148
+5 1196
+1 1196 1196 0 0 76 0 0 75
fi=(5)
114 598
fi=(6)
499 1196 0 598 0 0 152 0 0 150
fi=(5)
114 1210 0 0 1 0 0 1
+3 22 7 0 0 4
fe=(79)
296 15 0 3 1 0 0 1
+19 75 0 75
fi=(6)
418 150 75 75 0 0 15 0 0 15
fi=(5)
141 225 75
fi=(6)
418 286 143 143 1 0 9 1 0 7
fi=(5)
141 461 143
-19 843 281 0 1 0 0 1
+33 20 12
+1 6 2
fe=(79)
+30 10 0 4 1 0 0 1
fi=(5)
-30 51
+1 192 64
+3 94 47 0 1 0 0 1
+2 47 47
+2 47 47
-4 47 47
+2 47
+1 47 47
-1 94 0 47
fe=(79)
+8 188 47 0 0 2
fi=(6)
282 235 94 0 2 0 0 2
+4 94
471 94 94 0 0 1
+1 94 47
+1 47 0 47
cfi=(16)
cfn=(484)
calls=1 76 
* 6 2 0 2 0 0 1
cob=(2)
cfi=(140) /usr/src/debug/glibc-2.43-6.fc44.x86_64/string/../sysdeps/x86_64/multiarch/strncase.c
cfn=(462) strncasecmp
calls=1 31 
* 22 6 0 2 0 0 2
cob=(2)
cfi=(139) /usr/src/debug/glibc-2.43-6.fc44.x86_64/string/../sysdeps/x86_64/multiarch/mempcpy.c
cfn=(458) mempcpy
calls=1 33 
* 22 4 0 4 0 0 4
cob=(2)
cfi=(138) /usr/src/debug/glibc-2.43-6.fc44.x86_64/wcsmbs/../sysdeps/x86_64/multiarch/wcpcpy.c
cfn=(454) wcpncpy
calls=1 31 
* 18 4 0 2 0 0 2
cob=(2)
cfi=(137) /usr/src/debug/glibc-2.43-6.fc44.x86_64/string/../sysdeps/x86_64/multiarch/strspn.c
cfn=(452) strspn
calls=1 29 
* 7 3 0 1 0 0 1
cob=(2)
cfi=(135) /usr/src/debug/glibc-2.43-6.fc44.x86_64/string/../sysdeps/x86_64/multiarch/memchr.c
cfn=(448) memchr
calls=1 29 
* 22 4 0 2 0 0 2
cob=(2)
cfi=(134) /usr/src/debug/glibc-2.43-6.fc44.x86_64/string/../sysdeps/x86_64/multiarch/memmove.c
cfn=(444) memmove
calls=1 29 
* 22 4 0 4 0 0 4
cob=(2)
cfi=(133) /usr/src/debug/glibc-2.43-6.fc44.x86_64/string/../sysdeps/x86_64/multiarch/stpcpy.c
cfn=(440) stpcpy
calls=1 33 
* 19 4 0 1 0 0 1
cob=(2)
cfi=(132) /usr/src/debug/glibc-2.43-6.fc44.x86_64/debug/../sysdeps/x86_64/multiarch/memmove_chk.c
cfn=(436) __memmove_chk
calls=1 29 
* 22 4 0 4 0 0 4
cob=(2)
cfi=(130) /usr/src/debug/glibc-2.43-6.fc44.x86_64/wcsmbs/../sysdeps/x86_64/multiarch/wmemcmp.c
cfn=(432) wmemcmp
calls=1 29 
* 24 5 0 3 0 0 3
cob=(2)
cfi=(129) /usr/src/debug/glibc-2.43-6.fc44.x86_64/string/../sysdeps/x86_64/multiarch/strncpy.c
cfn=(428) strncpy
calls=1 29 
* 20 4 0 1 0 0 1
cob=(2)
cfi=(128) /usr/src/debug/glibc-2.43-6.fc44.x86_64/string/../sysdeps/x86_64/multiarch/strlen.c
cfn=(424) strlen
calls=1 29 
* 24 5 0 2 0 0 2
cob=(2)
cfi=(102) /usr/src/debug/glibc-2.43-6.fc44.x86_64/wcsmbs/../sysdeps/x86_64/multiarch/wcscat.c
cfn=(420) wcscat
calls=1 31 
* 18 4 0 1 0 0 1
cob=(2)
cfi=(127) /usr/src/debug/glibc-2.43-6.fc44.x86_64/string/../sysdeps/x86_64/multiarch/strcasecmp_l.c
cfn=(416) strcasecmp_l
calls=1 31 
* 22 6 0 3 0 0 3
cob=(2)
cfi=(126) /usr/src/debug/glibc-2.43-6.fc44.x86_64/string/../sysdeps/x86_64/multiarch/strcpy.c
cfn=(412) strcpy
calls=1 29 
* 19 4 0 1 0 0 1
cob=(2)
cfi=(124) /usr/src/debug/glibc-2.43-6.fc44.x86_64/wcsmbs/../sysdeps/x86_64/multiarch/wmemset.c
cfn=(408) wmemset
calls=2 31 
* 36 8 0 2 0 0 2
cob=(2)
cfi=(122) /usr/src/debug/glibc-2.43-6.fc44.x86_64/string/../sysdeps/x86_64/multiarch/memcmp.c
cfn=(404) bcmp
calls=1 29 
* 24 5 0 2 0 0 2
cob=(2)
cfi=(121) /usr/src/debug/glibc-2.43-6.fc44.x86_64/string/../sysdeps/x86_64/multiarch/strchrnul.c
cfn=(400) strchrnul
calls=1 31 
* 24 5 0 2 0 0 2
cob=(2)
cfi=(120) /usr/src/debug/glibc-2.43-6.fc44.x86_64/string/../sysdeps/x86_64/multiarch/strncase_l.c
cfn=(396) strncasecmp_l
calls=1 31 
* 22 6 0 3 0 0 3
cob=(2)
cfi=(118) /usr/src/debug/glibc-2.43-6.fc44.x86_64/string/../sysdeps/x86_64/multiarch/strcat.c
cfn=(392) strcat
calls=1 29 
* 19 4 0 2 0 0 2
cob=(2)
cfi=(117) /usr/src/debug/glibc-2.43-6.fc44.x86_64/wcsmbs/../sysdeps/x86_64/multiarch/wcscpy.c
cfn=(390) wcscpy
calls=1 60 
* 17 4 0 3 0 0 3
cob=(2)
cfi=(116) /usr/src/debug/glibc-2.43-6.fc44.x86_64/string/../sysdeps/x86_64/multiarch/strcspn.c
cfn=(388) strcspn
calls=1 29 
* 7 3 0 2 0 0 2
cob=(2)
cfi=(114) /usr/src/debug/glibc-2.43-6.fc44.x86_64/string/../sysdeps/x86_64/multiarch/strcasecmp.c
cfn=(384) strcasecmp
calls=1 31 
* 22 6 0 3 0 0 3
cob=(2)
cfi=(113) /usr/src/debug/glibc-2.43-6.fc44.x86_64/string/../sysdeps/x86_64/multiarch/strncmp.c
cfn=(382) strncmp
calls=1 67 
* 22 6 0 3 0 0 3
cob=(2)
cfi=(111) /usr/src/debug/glibc-2.43-6.fc44.x86_64/wcsmbs/../sysdeps/x86_64/multiarch/wmemchr.c
cfn=(378) wmemchr
calls=2 31 
* 44 8 0 2 0 0 2
cob=(2)
cfi=(109) /usr/src/debug/glibc-2.43-6.fc44.x86_64/string/../sysdeps/x86_64/multiarch/stpncpy.c
cfn=(374) stpncpy
calls=1 31 
* 20 4 0 2 0 0 2
cob=(2)
cfi=(108) /usr/src/debug/glibc-2.43-6.fc44.x86_64/wcsmbs/../sysdeps/x86_64/multiarch/wcscmp.c
cfn=(370) wcscmp
calls=1 30 
* 24 5 0 2 0 0 2
cob=(2)
cfi=(107) /usr/src/debug/glibc-2.43-6.fc44.x86_64/string/../sysdeps/x86_64/multiarch/strrchr.c
cfn=(366) rindex
calls=1 28 
* 24 5 0 2 0 0 2
cob=(2)
cfi=(105) /usr/src/debug/glibc-2.43-6.fc44.x86_64/debug/../sysdeps/x86_64/multiarch/memset_chk.c
cfn=(362) __memset_chk
calls=1 29 
* 23 4 0 4 0 0 4
cob=(2)
cfi=(104) /usr/src/debug/glibc-2.43-6.fc44.x86_64/string/../sysdeps/x86_64/multiarch/strchr.c
cfn=(360) index
calls=1 65 
* 21 4 0 2 0 0 2
cob=(2)
cfi=(102)
cfn=(356) wcschr
calls=2 31 
* 48 10 0 3 0 0 3
cob=(2)
cfi=(100) /usr/src/debug/glibc-2.43-6.fc44.x86_64/string/../sysdeps/x86_64/multiarch/memcpy.c
cfn=(352) memcpy@@GLIBC_2.14
calls=1 29 
* 22 4 0 4 0 0 4
cob=(2)
cfi=(98) /usr/src/debug/glibc-2.43-6.fc44.x86_64/wcsmbs/../sysdeps/x86_64/multiarch/wcsncpy.c
cfn=(348) wcsncpy
calls=1 31 
* 18 4 0 1 0 0 1
cob=(2)
cfi=(97) /usr/src/debug/glibc-2.43-6.fc44.x86_64/string/../sysdeps/x86_64/multiarch/memrchr.c
cfn=(344) memrchr
calls=1 29 
* 24 5 0 2 0 0 2
cob=(2)
cfi=(96) /usr/src/debug/glibc-2.43-6.fc44.x86_64/debug/../sysdeps/x86_64/multiarch/memcpy_chk.c
cfn=(340) __memcpy_chk
calls=1 29 
* 22 4 0 4 0 0 4
cob=(2)
cfi=(94) /usr/src/debug/glibc-2.43-6.fc44.x86_64/debug/../sysdeps/x86_64/multiarch/mempcpy_chk.c
cfn=(336) __mempcpy_chk
calls=1 29 
* 22 4 0 4 0 0 4
cob=(2)
cfi=(93) /usr/src/debug/glibc-2.43-6.fc44.x86_64/wcsmbs/../sysdeps/x86_64/multiarch/wcslen.c
cfn=(332) wcslen
calls=1 29 
* 20 6 0 2 0 0 2
cob=(2)
cfi=(91) /usr/src/debug/glibc-2.43-6.fc44.x86_64/string/../sysdeps/x86_64/multiarch/memset.c
cfn=(328) memset
calls=1 29 
* 23 4 0 4 0 0 4
cob=(2)
cfi=(89) /usr/src/debug/glibc-2.43-6.fc44.x86_64/wcsmbs/../sysdeps/x86_64/multiarch/wcsnlen.c
cfn=(324) wcsnlen
calls=1 30 
* 20 6 0 3 0 0 3
cob=(2)
cfi=(88) /usr/src/debug/glibc-2.43-6.fc44.x86_64/string/../sysdeps/x86_64/multiarch/strcmp.c
cfn=(322) strcmp
calls=1 79 
* 20 6 0 3 0 0 3
cob=(2)
cfi=(87) /usr/src/debug/glibc-2.43-6.fc44.x86_64/string/../sysdeps/x86_64/multiarch/strpbrk.c
cfn=(320) strpbrk
calls=1 29 
* 7 3 0 1 0 0 1
cob=(2)
cfi=(85) /usr/src/debug/glibc-2.43-6.fc44.x86_64/string/../sysdeps/x86_64/multiarch/strnlen.c
cfn=(316) strnlen
calls=2 31 
* 48 10 0 3 2 0 3
cob=(2)
cfi=(83) /usr/src/debug/glibc-2.43-6.fc44.x86_64/string/../sysdeps/x86/cacheinfo.c
cfn=(312) __x86_cacheinfo
calls=1 86 
* 30 10 9 3 3 3 3 0 3
+1 47 47
fi=(5)
156 47
fi=(6)
474 47 0 47 0 0 3 0 0 1
fi=(5)
156 96 2 0 1 0 0 1
fe=(79)
296 12
fi=(5)
51 2 2
fi=(4)
+28 4 2
fi=(5)
-28 3 3 0 0 1
fi=(4)
+28 6 3
fi=(5)
+63 225 75 0 1 2 0 1
fi=(6)
418 18 9 0 1 1 0 1 1
-51 3 1
+10 5 1 0 0 1
+10 1 1
-1 1 1
+1 2 1
-1 1 0 1 0 0 1 0 0 1
+2 2 0 1
fi=(5)
141 2 1
fi=(6)
395 45 15 0 2 0 0 2
+2 60 15
+4 15 15
+9 15 15
-9 30 15 0 0 2 0 0 2
+9 15 0 15 0 0 5 0 0 5
fi=(5)
141 30 15
fe=(79)
+46 15
fi=(6)
+95 30
fe=(79)
+14 64 0 0 1 0 0 1
fi=(5)
131 47 47
+2 47 0 47
-2 47 0 0 1 0 0 1
+1 4 0 2
fi=(6)
287 18 9 0 1 0 0 1
+3 18 0 0 1 0 0 1
+1 27 9
+11 18 0 18 1 0 0 1
+7 9 0 9
cob=(2)
cfi=(122)
cfn=(404)
calls=1 29 
* 24 5
cob=(2)
cfi=(134)
cfn=(444)
calls=2 29 
* 44 8
cob=(2)
cfi=(100)
cfn=(352)
calls=2 29 
* 44 8 0 0 3
cob=(2)
cfi=(91)
cfn=(328)
calls=2 29 
* 46 8
cob=(2)
cfi=(128)
cfn=(424)
calls=2 29 
* 48 10 0 0 1
* 27 18
+3 18
fi=(5)
73 1 0 1 1 0 0 1
+98 6 1 3 1 0 0 1
+2 3 2 0 0 1 0 0 1
+3 1
-3 4 0 1
+3 2
-3 15 10 0 0 2 0 0 2
+3 5
-3 20 0 5
+3 10
-2 12 12 0 1 0 0 1
+10 6 0 6
fi=(6)
+78 12
+7 12
+4 12
fe=(79)
170 24 6 0 0 2 0 0 2
fi=(4)
-18 18 6 0 1 0 0 1
fe=(79)
+19 12
+3 12 6 0 0 1
+8 30
+4 12 12 0 1 0 0 1
-3 6 0 6
+1 6 0 6
+2 36 12 6
+4 30 6 6 1 0 0 1
-4 6
+4 12 0 12
cfi=(80)
cfn=(300)
calls=6 767 
* 3097 820 318 0 9 0 0 5
+3 6 6
+1 12 6 6
-4 6
+3 6 0 6
+1 12 12
fi=(6)
+88 18
+3 2 2
-3 12 6 0 1 0 0 1
+4 4
+26 36 6
fe=(79)
-62 6 0 0 2 0 0 2
+7 9 3 0 0 1
-9 6 0 3
fi=(6)
418 6 0 6 0 0 1 0 0 1
fi=(5)
187 18 6
-16 18 6 0 1 0 0 1
+31 5 3
-15 47
fi=(6)
+95 94
fe=(79)
175 42 7 0 1 0 0 1
+3 7 7
-1 7 0 7
+19 7 7
-18 14 0 7
-3 14
fi=(5)
72 272 0 0 1 0 0 1
+1 12 0 0 1 0 0 1
fe=(79)

fn=(466)
352 5 0 0 1 0 0 1
+1 15 5 0 0 3
+3 25 15 0 1 0 0 1
+3 5
-3 5
+3 5
+4 10
-11 5 0 5
+12 15
-12 15 0 5 1 0 0 1
+12 5
-12 5
+12 5 0 5
cfi=(141)
cfn=(468) mprotect
calls=5 117 
* 30 5 0 1 0 0 1
* 10
+6 15 15

fn=(290)
343 6 0 0 1 0 0 1
+1 14 8
-1 12 0 4
+3 8 0 8 1 0 0 1
cfn=(292)
calls=4 207 
* 171989 45109 19461 224 1437 401 224 1075 390
+1 4 4
+1 4 4
-1 4
cfn=(466)
calls=4 +5 
* 140 32 12 4 3 0 4

fl=(65)
fn=(220)
25 1 0 0 1 0 0 1
+2 7 0 1
+4 1 1

fl=(43)
fn=(128) _dl_hwcaps_contains
66 6
+1 12
+1 6
+9 6 6

fn=(124)
25 30
+1 45 15
+4 24 12 12
+4 42 12 0 0 1 0 0 1
+1 12 0 6
-1 18 6
+2 24 0 0 1 0 0 1
-11 9 0 9
+16 9
-16 36 0 9
+16 18 0 18
cfi=(44) /usr/src/debug/glibc-2.43-6.fc44.x86_64/string/../sysdeps/x86_64/multiarch/../multiarch/strchr-sse2.S
cfn=(126) index
calls=9 -9 
* 216 27 0 2 0 0 2
+1 27 9
+3 12 0 6
+2 6 6
-1 6
+1 12 12
-20 6 0 0 1 0 0 1
+20 6 6
-4 3 0 3
cfi=(23)
cfn=(64)
calls=3 +14 
* 51 6
* 3 0 3
+4 3 3
-1 3
+1 6 6

fn=(122)
51 66 0 22 1 0 0 1
+3 22 0 11 1 0 0 1
cfn=(124)
calls=11 -29 
* 443 85 45 4 1 0 4 1
* 6 0 3
cfn=(124)
calls=3 -29 
* 177 33 21
* 28
+2 9 9
+1 27 0 9
+1 42 18 6
cfn=(128)
calls=6 +8 
* 30 6
* 12
+4 33 33

fl=(10)
fn=(20)
137 10 0 0 1 0 0 1
+1 50 0 0 1 0 0 1
+5 10
+1 10
+3 6
+1 6
+2 2 0 2 0 0 1 0 0 1
+1 2 0 2
+1 2 2
+84 4 0 4 0 0 3 0 0 3
+1 4 0 4
+12 4
+3 4
+1 4
+12 4 0 4
+1 4 0 4 1 0 1 1 0 1
+13 4
+1 4
+2 4
+3 3
+3 6
+3 3 0 3 0 0 2 0 0 2
+1 3 0 3
+1 3 0 3
+1 3 0 3
+1 3
+1 3
+1 3
-6 73 0 73 0 0 73 0 0 73
+1 73 0 73
+1 73 0 73
+1 73 0 73
+1 73
+1 73
+1 73
+3 4 0 4 0 0 2 0 0 2
+1 4 0 4
+1 4 0 4 1 0 0 1
+1 4 0 4
+5 4 4
+46 4
+2 4
+1 4
+39 4 0 4 0 0 1 0 0 1
+1 4 0 4
+2 4 4

fl=(57) /usr/src/debug/glibc-2.43-6.fc44.x86_64/io/../sysdeps/unix/sysv/linux/read_nocancel.c
fn=(186) __read_nocancel
25 3 0 0 1 0 0 1
+1 12
+1 3 3

fl=(33)
fn=(96)
24 2 0 1 1 0 0 1
+1 2
-1 2
+1 2 0 1
cfi=(12)
cfn=(30)
calls=1 435 
* 18 4 1 0 1 0 0 1
* 5 1
+14 2 2

fl=(23)
fn=(64)
57 17 0 0 1 0 0 1
+44 17
+1 17
+1 17
+1 17
+1 17
+1 17
+1 17 0 0 1 0 0 1
+2 17
+2 17
+31 17 17 0 0 1 0 0 1
+1 17
+1 17
+1 17
+1 17
+1 8
+2 8 8
+4 9
+1 9 9
+1 9 9
+1 9 9 0 0 1 0 0 1
+1 9
+1 9
+1 9
+1 9 0 0 1 0 0 1
+1 9
+1 9
+1 9
+1 9
+5 72 9

fl=(39)
fn=(168) _dl_lookup_map
1898 36 0 18 1 0 1 1 0 1
+1 12
+1 12 6 0 0 1 0 0 1
+3 81 21 0 1 0 0 1
+5 126 36 0 1 0 0 1
+2 54 0 18 0 0 1 0 0 1
cfi=(54)
cfn=(170)
calls=18 68 
* 2182 438 96 11 1 1 11 1 1
* 36
+2 30 15
fi=(4)
96 45 15 0 1 0 0 1
+4 6 6
-1 30 18
+1 6
fe=(39)
1912 12
+1 18 0 12
cfi=(34)
cfn=(100)
calls=6 98 
* 223 43 0 3 0 0 3
* 12
+13 36 24 0 1 0 0 1

fn=(182) open_verify.constprop.0
1511 33 0 18 2 0 0 2
+32 3 3
-32 3 0 3
+32 6
+19 12 0 3
cfi=(56) /usr/src/debug/glibc-2.43-6.fc44.x86_64/io/../sysdeps/unix/sysv/linux/open64_nocancel.c
cfn=(184) __open_nocancel
calls=3 28 
* 63 6 6 2 0 0 2
* 3
+2 6
+8 3 0 3 1 0 0 1
+6 3
-5 3 0 3 0 0 1 0 0 1
+6 3
-1 6
+1 3
-1 3 0 3
cfi=(57)
cfn=(186)
calls=3 25 
* 18 3 0 1 0 0 1
* 3
+4 3 3
-2 6
+2 6 0 3
+2 6
+6 6
+15 45 12 0 2 1 0 2 1
+64 6 3
+5 6 3
+8 12 3
+6 6 3 0 0 1 0 0 1
+6 3 3
+1 3 3 0 1 0 0 1
-1 3
+1 9
+33 27 21
-29 13 0 1 2 0 0 2
+1 2
-1 1
+1 1 0 1
cfi=(70)
cfn=(244)
calls=1 25 
* 7 1 0 1 0 0 1
* 2

fn=(204) _dl_process_pt_gnu_property
842 3 0 0 1 0 0 1
+8 6 3
-6 3 3
+12 6
-13 3 3
+13 3
-13 6 3
+13 6
+3 9 3 0 1 3 0 1 3
+1 6 3
+1 6 3
+3 9 3 0 1 0 0 1
+1 9
+4 3
+1 6
fi=(32)
97 4
258 6 2
fe=(39)
888 4
+4 9
+2 12
-20 12 6 0 1 0 0 1
+4 12
-3 6 6
+6 6
+1 18
fi=(32)
95 24 0 0 1 0 0 1
+7 8
+16 4 4 0 0 3 0 0 3
-3 8
252 2
+5 1 1
-4 1 0 1
+4 3 0 1
+3 1 1
fe=(39)
904 2 2 0 1 0 0 1
fi=(32)
254 6 0 0 1 0 0 1
+1 3 0 3
+2 12 3 3
+3 3
fe=(39)

fn=(112)
680 9 0 5 1 0 0 1
+14 1
-14 4 0 2 1 0 0 1
+14 2 0 1
cfi=(40)
cfn=(114)
calls=1 171 
* 1320 278 228 29 1 5 29 1 5
fi=(29)
56 1
fe=(39)
694 1 0 1
fi=(29)
56 1 1 1
cfi=(28)
cfn=(80)
calls=1 -20 
* 18 3 3
fe=(39)
699 1 0 1 0 0 1 0 0 1
+2 2
+7 2 0 0 1 0 0 1
+1 1 1
-1 3
+5 3
fi=(29)
56 1 1 1
cfi=(28)
cfn=(80)
calls=1 -20 
* 18 3 3
fe=(39)
713 1 0 1 0 0 1 0 0 1
+2 5 2 0 1 0 0 1
+29 1
-3 1 1
-19 1 0 1
-1 2 0 1
+14 1
-5 1 0 1
+5 1 0 1
+1 1 0 1 0 0 1 0 0 1
-4 1 0 1 1 0 0 1
+9 2
+1 2
+4 2 0 1
-4 3 0 1
cfi=(10)
cfn=(20)
calls=1 137 
* 14 1 2
+2 1 0 1
-12 1 1
+10 1
-12 1 0 1
+12 2
-12 1 0 0 1 0 0 1
+5 1
+1 1 0 1 0 0 1 0 0 1
-1 1 0 1
-3 1 0 1
+10 1 0 1
cfi=(10)
cfn=(20)
calls=1 137 
* 14 1 2
+2 1 0 1
+12 1 1
+3 1
-8 1 0 1
-1 1 0 1 1 0 0 1
+9 2
+2 4 1
+2 3 1
+36 2 0 0 1 0 0 1
+31 1 0 1 1 0 0 1
+1 8 7
-49 1 1 0 1 0 0 1
-2 1 0 1
+2 2
+14 2 0 1 1 0 0 1

fn=(176) expand_dynamic_string_token
375 5 0 2 1 0 0 1
+10 1
-10 2 0 1 0 0 1 0 0 1
+10 1 0 1
cfn=(178) _dl_dst_count
calls=1 228 
* 62 9 3 4 0 1 4 0 1
+3 2 0 0 1 0 0 1
+12 1 1
-11 1
+11 2 2
-11 1
cfi=(55)
cfn=(180)
calls=1 40 
* 91 17 12 2 0 1 2 0 1

fn=(214) _dl_notify_new_object
908 12 0 6 1 0 0 1
+2 3
-2 15 0 9
+2 3 0 3 0 0 1 0 0 1
cfi=(46)
cfn=(216)
calls=3 94 
* 21 6 0 1 0 0 1
* 3
+1 9 3
+21 15 9
-4 6 0 0 1 0 0 1
+7 3 3
-2 6
+2 12 12
-2 3
cfi=(50)
cfn=(218) _dl_audit_objopen
calls=3 77 
* 15 6 0 1 0 0 1

fn=(226) cache_rpath
656 6 6 0 1 0 0 1
-1 12
+1 12
+1 6
+16 12 6

fn=(188) _dl_map_object_from_fd
948 30 0 18 2 0 0 2
+15 3 3
-15 6 0 6 0 0 3 0 0 3
+15 3
-15 6 0 6
+15 6 0 3
+85 12 3 3 1 0 0 1
+10 6 3
+7 21 15 3 1 0 0 1
cfi=(27)
cfn=(74)
calls=3 59 
* 1138 231 161 8 5 29 8 5 29
* 3
+1 6
+11 3 3
+1 3 3
-1 3 0 3 0 0 2 0 0 2
+2 3 3
+3 3 3
-1 3
-2 3 0 3
+3 9 3 0 1 0 0 1
+1 4 0 2
+19 4 2
-2 2 0 2
+2 16 1 0 1 0 0 1
-2 1 0 1
+2 34 0 6
+10 3 3 0 1 0 0 1
-10 6 0 3
+10 9
+27 3 3
-33 3
-3 3
+2 3 0 3
-1 3 0 3
+44 3
fi=(31)
62 3 0 3
fe=(39)
1139 3 0 0 1 0 0 1
-41 3 0 3
+50 3
fi=(31)
62 9 0 6
fe=(39)
1113 118 0 0 1 0 0 1
+26 54 18 0 0 2 0 0 2
+10 18 9 0 0 1 0 0 1
-1 9
-1 9
+1 18 9
+1 9
+2 9 9 0 0 1 0 0 1
-3 9 0 9 0 0 2 0 0 2
+1 9 0 0 1 0 0 1
+2 9 0 9 0 0 2 0 0 2
+2 9 9 0 0 1 0 0 1
-4 9
+1 9 0 9
+3 9
-4 9 0 9
+4 45
+2 18 0 9 0 0 2 0 0 2
+13 36 6 6
fi=(31)
62 12 6
fe=(39)
1173 6
fi=(31)
62 42 6 6 0 0 1 0 0 1
fe=(39)
1147 12
-35 18
fi=(31)
62 6 3
fe=(39)
1173 3
fi=(31)
62 21 3 3
fe=(39)
1147 6
-35 81
+1 184 36 0 2 15 0 2 15
1214 3 3 0 0 1 0 0 1
1112 3
1214 6 3 3 0 0 1 0 0 1
1112 9
-34 6 6 0 1 0 0 1
1229 3
1078 12 6 3
1219 12
+11 3 0 0 1 0 0 1
-1 3
+1 3 0 3
-1 9
+1 6
-1 6
+1 6 0 6
-1 18
+7 6 3
+10 12 6
+7 12 9 0 1 0 0 1
fi=(60) /usr/src/debug/glibc-2.43-6.fc44.x86_64/elf/./dl-map-segments.h
29 3 3
fe=(39)
1253 9 3 3
fi=(60)
29 6
+1 24 15 3 1 0 1 1 0 1
cfi=(61)
cfn=(198)
calls=3 +17 
* 84 15 9 3 0 0 3
+72 3 0 3
-72 3
+73 6
+3 6 3 0 1 0 0 1
+1 3
-1 3 0 3
+1 3 0 3
+2 6 3
+17 3 0 3 1 0 0 1
-44 3 3
fi=(62) /usr/src/debug/glibc-2.43-6.fc44.x86_64/elf/./dl-load.h
+9 18 9
fi=(60)
+59 36 18
+6 3 3
+2 3 3 0 1 0 0 1
-2 3
+3 3
-2 3
+2 3
-1 6
+3 9
+5 6
+3 6 2
+8 14 0 6
cfi=(10)
cfn=(20)
calls=2 -40 
* 294 2 154 0 0 39 0 0 39
* 4 4
+6 6
+41 9 0 0 1 0 0 1
-88 36 9 0 1 0 0 1
+2 24 12
+2 12 12
+1 6
-1 24 12 6
cfi=(61)
cfn=(198)
calls=6 -93 
* 126 24 18
* 12
fi=(58) /usr/src/debug/glibc-2.43-6.fc44.x86_64/elf/../sysdeps/posix/dl-fileid.h
37 9 3 3 2 0 2 2 0 2
cfi=(59)
cfn=(192)
calls=3 -7 
* 18 3 0 1 0 0 1
* 6
+3 3 3
fe=(39)
999 3
fi=(58)
40 3 0 3
+1 6 3 3
fe=(39)
999 45 21 0 1 0 0 1
+1 18 9
fi=(58)
49 24 12 0 0 1 0 0 1
fe=(39)
1458 27 21 0 1 0 0 1
1133 2 1 1 0 1 0 0 1
+1 1
-15 6 3 0 1 1 0 1 1
+7 3 3
+2 3 3
-2 3 0 3
+1 3 3
+1 3 0 0 1 0 0 1
-1 6 0 3
+1 24 3 3
fi=(31)
62 24 3 3 1 0 0 1
fe=(39)
1211 3
-34 6 2
+5 2 2
-1 4
+5 2
-5 4 0 2 1 0 2 1 0 2
-55 2 2
+60 8 0 2 0 0 1 0 0 1
+1 2 2
+3 2 0 2
-3 2 0 2
+8 8 2
1086 12 0 0 2 0 0 2
+1 2 1
-1 1
+1 1
-1 1 0 1
+1 1 0 1 0 0 1 0 0 1
cfi=(70)
cfn=(244)
calls=1 25 
* 7 1
* 2
-69 6 3 0 1 0 0 1
1269 12 6 0 1 0 0 1
+1 3 3
fi=(63) /usr/src/debug/glibc-2.43-6.fc44.x86_64/elf/get-dynamic-info.h
39 3
fe=(39)
1270 3 0 3
fi=(63)
39 3
+6 9 3 0 1 3 0 1 3
-2 6
+10 3
+15 3 0 3 0 0 1 0 0 1
-23 12 3
+23 77 0 77 0 0 19 0 0 19
-23 308 77 0 0 21 0 0 21
+4 160
+3 20
-1 40
+3 68
+1 56
fi=(62)
+37 8 4 0 1 0 0 1
+2 2 2
-1 4 4
+1 2
-1 4 0 0 1 0 0 1
+1 2
-1 4
+3 8 0 2
fi=(63)
-40 15 0 0 1 0 0 1
+3 12
+13 12 3 0 1 0 0 1
+12 10 3 1
+1 12 3 3
+1 12 3 3
+1 12 3 3
+1 14 3 2 1 1 0 1 1
+1 12 3 3
+1 11 3 2 0 1 0 0 1
+1 12 3 3
+12 3 3 0 1 0 0 1
+7 3 3
-7 21 3 3
+7 6
+5 6 3
+8 9 6 0 1 0 0 1
+6 9 3
+1 6 4
+17 9 3
+5 4 2 2
+2 4
+2 4
+2 4
+1 2 0 2
+3 9 3 0 1 0 0 1
+2 9 3 3
+1 6
+9 9 6 0 1 0 0 1
+6 6
+1 4 2 2
+3 6 3
fe=(39)
1276 6 0 0 1 0 0 1
+1 6
+2 6
+10 9 3
+19 6 3 3 1 0 0 1
+2 15 6
+20 9 3 0 0 1 0 0 1
+1 4 2 2
+6 24 9 0 1 0 0 1
+1 56
+6 12 0 3
cfn=(204)
calls=3 842 
* 251 49 8 7 6 0 7 6
-7 72 36
+1 36 36 0 1 30 0 1 30
+6 36
-6 72
fi=(32)
149 16 8
fe=(39)
1086 2 0 1
1349 6 3 3 2 0 0 2
cfi=(64)
cfn=(210)
calls=3 25 
* 18 3 0 1 0 0 1
* 6
+13 6 3
+2 12 6 3
+2 6 3
+16 6 0 3 1 0 0 1
cfi=(8)
cfn=(14)
calls=3 25 
* 81 24 18 0 4 0 0 4
+4 6 3
+1 6 3
+17 6 3
+1 1 0 1
+3 4 2 2 1 0 0 1
+5 2 1
-5 8 4 4
+5 4 2
+5 6 3
+10 12 6
+8 6 3
+1 8 2
+5 4 0 2
cfi=(47)
cfn=(242)
calls=2 161 
* 24 8 6 1 0 0 1
+7 9 3 3 1 0 0 1
cfi=(27)
cfn=(88)
calls=3 31 
* 141 36 27
+3 6 3
+3 12 6 3
cfn=(214)
calls=3 908 
* 126 39 18 4 0 1 4 0 1
+2 3 0 0 1 0 0 1
fi=(60)
189 8 2 0 1 0 0 1
-3 2 2
+3 8 0 2 1 0 0 1
-3 12 0 10
+3 2 0 2
cfi=(61)
cfn=(198)
calls=2 47 
* 42 8 6
+3 4
+2 2 0 2
cfi=(69)
cfn=(240)
calls=2 33 
* 12 4
* 4 0 0 1 0 0 1
fi=(4)
-98 13 7 0 1 0 0 1
+3 4
+1 2 2
-1 4 2
+1 2
fe=(39)
1429 10 0 2 1 0 0 1
cfi=(34)
cfn=(100)
calls=2 98 
* 50 14 0 0 3 0 0 3
* 4
+1 3 1 1
fi=(63)
62 12 0 0 1 0 0 1
+2 12
fe=(39)

fn=(178)
228 12 0 6 1 0 0 1
+3 6
-3 18 0 6
+7 6
-4 6 0 6 0 0 2 0 0 2
cfi=(44)
cfn=(126)
calls=6 32 
* 216 27 0 3 6 0 3 6
+3 12
+20 24 18

fn=(166)
2194 42 0 18 2 0 0 2
+1 6
-1 42 0 18 0 0 1 0 0 1
+1 12 0 12 0 0 1 0 0 1
cfn=(168)
calls=6 1898 
* 2957 622 144 19 2 3 19 2 3
+1 18 6
+3 27 21 0 1 0 0 1
-1 15
+1 18 18
-1 3
cfn=(174) _dl_map_new_object
calls=3 1933 
* 9984 1902 1065 148 137 121 148 137 121

fn=(174)
1933 45 0 24 1 0 3 1 0 3
+10 6 3
+12 3 3
-5 3 0 3
-15 3 0 3 1 0 0 1
+20 6
+14 9 0 3 0 0 2 0 0 2
cfi=(44)
cfn=(126)
calls=3 32 
* 72 9
* 6
2121 2
-1 3 0 1
cfn=(176)
calls=1 375 
* 169 29 19 8 0 3 8 0 3
+6 1
-7 1 0 1 1 0 0 1
+1 1
+2 2
+4 8 0 2
cfn=(182)
calls=1 1511 
* 106 22 14 9 1 1 9 1 1
+3 2 1 0 1 0 0 1
-3 1
+3 1
+58 1 1
-46 3
+46 11 3 5 1 0 0 1
cfn=(188)
calls=1 948 
* 1733 389 195 71 32 26 71 32 26
-46 6
+46 22 6 10
cfn=(188)
calls=2 948 
* 4226 846 613 13 67 83 13 67 83
* 3
+2 24 21
1973 4 0 2 1 0 0 1
cfi=(23)
cfn=(64)
calls=2 57 
* 34 4
* 4 0 2
+2 4 2 0 1 0 0 1
+7 8 2
+4 2 2 0 1 0 0 1
+8 8 0 4
-8 2 0 2
+5 4 0 2 1 0 0 1
+3 6 0 2
-3 6 2
+1 10 0 2 1 0 0 1
cfn=(226)
calls=2 656 
* 16 4 0 1 0 0 1
* 4
-1 6 6 0 1 0 0 1
+15 4
+1 18 4 2 1 0 0 1
+32 6 0 0 1 0 0 1
+1 10 0 2
cfn=(226)
calls=2 656 
* 16 4
* 4 0 0 1 0 0 1
+8 4
+2 6 2
+4 4 0 2
cfi=(67)
cfn=(228)
calls=2 386 
* 2988 476 110 25 36 3 25 36 3
* 2
+2 4
+4 4
+31 2
-23 4 2 0 1 0 0 1
+23 16 0 4
cfn=(182)
calls=2 1511 
* 241 45 30 3 1 0 3 1
* 2
+4 4
+18 2 2 0 1 0 0 1
-17 2 0 2
+17 4 2
2008 12 4 4 1 0 0 1
cfn=(226)
calls=2 656 
* 16 4
* 4
+9 4 0 0 1 0 0 1
+15 4 2

fl=(12)
fn=(60) __GI___tunable_set_val
162 6 0 0 1 0 0 1
+1 24
+2 6
cfn=(62) do_tunable_update_val
calls=6 -92 
* 198 42 24 3 0 0 3

fn=(24)
294 1 0 0 1 0 0 1
+6 3 1
-6 1 0 1
+10 2
-10 8 0 5
+10 27 0 14 1 0 4 1 0 4
43 430 86 0 1 0 0 1
+6 85 85 0 0 29 0 0 29
-3 85
+3 8917 1201 0 0 18 0 0 18
+4 170
+4 85
fi=(13) /usr/src/debug/glibc-2.43-6.fc44.x86_64/elf/dl-tunables.h
160 85 0 0 1 0 0 1
fe=(12)
57 85
fi=(13)
160 85
fe=(12)
57 85
fi=(13)
160 285 95
+1 190
-1 50 10 0 0 1 0 0 1
fe=(12)
319 765 0 0 1 0 0 1
+3 1530 765 0 0 2 0 0 2
-2 2295
+2 2295 765 0 0 9 0 0 9
-5 2380
fi=(13)
160 2541 847 0 1 0 0 1
+1 1694
-1 410 82
fe=(12)
337 6 1 0 1 0 0 1
+3 27
+3 27 9 0 1 0 0 1
+9 8 7
fi=(13)
165 255 0 0 1 0 0 1
fe=(12)

fn=(62)
73 6 6 0 1 0 0 1
-3 12
+3 24
+10 6 6
+11 6 6
+1 6 6
-1 18 6
+1 24 6
+4 12
+2 12 0 0 1 0 0 1
+4 6
-4 12
+11 12
+1 12
+3 6 0 6 1 0 0 1
+1 6 0 6
+1 6 0 6
+1 12 6 6

fn=(30)
435 33 0 0 1 0 0 1
+3 66
-3 33
+3 165 33 0 1 30 0 1 29
+9 30 30 0 0 19 0 0 14
-9 60
+19 21 0 21
+7 99 33 0 0 7 0 0 5
+2 33 33
-19 12 0 12
+1 12
+9 6 0 0 1 0 0 1

fl=(24)
fn=(66)
37 5 0 1 1 0 0 1
+3 1 1
+18 2
+4 2
+16 3 2 0 1 0 0 1

fl=(71) /usr/src/debug/glibc-2.43-6.fc44.x86_64/malloc/scratch_buffer_set_array_size.c
fn=(246) __libc_scratch_buffer_set_array_size
30 36 0 9 2 0 0 2
+4 3
+1 6
+10 6 3
+18 6 6 0 1 0 0 1
-17 3
+17 6 6

fl=(56)
fn=(184)
28 8 0 4 1 0 0 1
+3 4
-3 12 0 4 1 0 1 1 0 1
+3 24
+8 28
+2 8 8

fl=(61)
fn=(198)
47 14 0 0 1 0 0 1
+3 28
-3 84 0 42 1 0 1 1 0 1
+6 28
+5 84
+2 56 56
-7 36 3 0 1 0 0 1

fl=(143)
fn=(478)
105 5 5 0 1 4 0 1
-4 5
+4 5 0 5 0 0 2 0 0 1
+1 10 5 5 0 0 1 0 0 1
+1 5 0 5
+8 5 0 5 0 0 1 0 0 1
+1 5 0 5
+5 20 10 0 1 4 0 1
+1 10
-19 10
+21 106
-2 174
+2 174 58 0 0 47
+3 5 5 0 1 0 0 1
+5 5
-5 10 5 5 0 1
+16 10
+5 5 0 5
+1 5 5

fl=(44)
fn=(126)
32 18 0 0 1 0 0 1
+1 18
+1 18
+1 18
+1 18
+1 18
+1 18
+1 18
+1 18
+1 18 18 0 0 4 0 0 4
+1 18
+1 18 0 0 1 0 0 1
+1 18
+1 18
+1 18
+1 18
+1 18
+1 18
+1 15
+4 15
+1 15
+1 15 15
+1 15
+2 15 15
+4 3 3
+1 3
+1 3
+1 3 0 0 1 0 0 1
+1 3
+1 3
+1 3 3 0 0 1 0 0 1
+1 3
+1 3
+1 3
+1 3
+1 3
+1 3
+1 3 3 0 0 1 0 0 1
+1 3
+1 3
+1 3
+1 3
+1 3
+1 3 0 0 1 0 0 1
+1 3
+1 3
+1 3
+1 3
+52 3 0 0 1 0 0 1
+4 3
+1 3
+1 3 3
+1 3
+2 3 3

fl=(46)
fn=(140)
120 1 0 0 1 0 0 1
-44 2
+46 2 1 0 0 1 0 0 1
+5 3 1
+27 3 0 3 1 0 0 1
+3 2 1
-37 1
+48 1 1
-8 2 1 1 1 0 0 1
+2 3 1

fn=(216)
94 4 0 0 2 0 0 1
-17 4
-1 8
+20 8 4 0 0 1
+4 4 4

fn=(500)
46 2 0 1 1 0 0 1
+6 3
-6 2 0 0 1 0 0 1
+6 5 1 2
-1 1 0 1
+1 1 0 1
cfi=(80)
cfn=(300)
calls=1 767 
* 590 160 68 0 9 0 0 2
+2 2 2
-2 1
+2 3 2
+2 7 3 0 1 0 0 1
+1 3
+13 2 2

fn=(146)
104 2 0 0 2 0 0 1
+3 2
-2 2 0 2
+2 4
+4 2
cfi=(49) /usr/src/debug/glibc-2.43-6.fc44.x86_64/elf/dl-debug_state.c
cfn=(148) _dl_debug_state
calls=2 -83 
* 4 2 0 2 0 0 1
-4 6 2

fl=(50)
fn=(526)
41 3 0 0 1
+4 9 3
+2 9 3 0 0 1
+4 3 3 0 2 0 0 1

fn=(936) _dl_audit_objclose
97 5 0 0 1 0 0 1
+1 20 10

fn=(218)
77 3 0 0 1 0 0 1
+1 12 6

fn=(150)
29 1 0 0 1 0 0 1
+2 3 1 0 1 0 0 1
+6 1 1 0 1 0 0 1

fn=(608)
118 1 0 0 1 0 0 1
+1 4 2

fl=(25)
fn=(70)
54 4 0 0 1 0 0 1
+3 9 0 3 1 0 1 1 0 1
+5 2 0 1
+1 1 0 1
+2 1 1

fn=(90)
43 10
+2 20 10

fn=(282)
69 2 0 1 1
fi=(251) /usr/src/debug/glibc-2.43-6.fc44.x86_64/elf/../include/list.h
-25 1
fe=(25)
+25 2
fi=(251)
-26 1 1
fe=(25)
+27 1 1 0 1 0 0 1
+3 1
fi=(251)
-30 1 0 1
fe=(25)
+33 1
fi=(251)
-32 1 0 1
+1 1 0 1
+2 1 0 1
fe=(25)
+29 3 0 1
+1 1
+18 1 0 0 1 0 0 1
-6 1
-12 1 0 1
+1 1 0 1
+1 1 0 1
+5 2 1 1
+11 1
-6 1 0 1 1 0 0 1
+2 1 0 1
+1 1 0 1
+3 1
+16 4 0 1
cfi=(12)
cfn=(30)
calls=1 435 
* 18 4 1
fi=(77) /usr/src/debug/glibc-2.43-6.fc44.x86_64/elf/../sysdeps/unix/sysv/linux/rseq-internal.h
-11 1 1
-7 1 1
+7 2
+24 1 0 1
fe=(25)
-11 1 0 1
+6 2 1 1
+1 2 2
fi=(77)
-12 2 1 0 1 0 0 1
-15 2 0 1
+15 2
+4 1
-19 1 1 0 1 0 0 1
+19 3 0 2
cfi=(10)
cfn=(20)
calls=1 +25 
* 13 1 2 0 0 1 0 0 1
+4 1 1
+2 2
-6 1
+6 1
-2 1 0 1
+2 2 1
+1 2
fe=(25)

fl=(41)
fn=(116)
29 1 0 0 1 0 0 1
fi=(20) /usr/src/debug/glibc-2.43-6.fc44.x86_64/elf/../sysdeps/x86/get-isa-level.h
+2 4 1
+1 3 1 0 1 0 0 1
+7 5 1
+1 4 1
+8 3
+3 4 1 0 1 0 0 1
+3 2
fe=(41)
-3 4
+1 1 1

fl=(17)
fn=(38)
728 1 0 1 1 0 0 1
+3 1
-3 7 0 5
+3 1 0 1
+9 1 0 1 0 0 1 0 0 1
-8 1 0 1
+1 1 0 1 1 0 0 1
+9 1 0 1 0 0 1 0 0 1
+9 2 0 1
+3 6
+6 6 0 1 1 0 0 1
cfn=(40) get_common_indices.constprop.0
calls=1 431 
* 71 10 23 7 0 3 7 0 3
409 3
+1 2
+1 6 0 4 1 0 0 1
+5 2
+1 6 0 4 0 0 1 0 0 1
+5 2
+1 6 0 4 1 0 0 1
765 1 0 1
cfn=(44) update_active.constprop.0
calls=1 90 
* 200 42 39 19 1 1 19 1 1
+4 1 1
+4 1 1
1156 1 1
770 3 0 1
+3 2
901 2 1 0 1 0 0 1
+7 2 0 1
+60 2 1
+7 2 1
+2 2 0 1
+4 2 0 0 1 0 0 1
+6 2 1
1156 1
+8 1
+1 1
fi=(21)
977 1 1
fe=(17)
1156 1
758 1
fi=(21)
1010 6 0 2 1 0 0 1
fe=(17)
755 1
1148 3 1 0 1 0 0 1
+1 2 0 1
+3 2
+1 2 0 1 1 0 0 1
+3 2
+9 1 0 1
+1 1 1
-3 1 0 1
+1 1 0 1
+2 1 0 1
fi=(21)
861 2
964 1 1 0 1 0 0 1
+5 1 0 1
+11 1
-7 1 1 0 1 0 0 1
+2 1 0 1
+5 1
-16 1 0 1 0 0 1 0 0 1
+1 1 1
+15 1
-10 1 0 1
-5 1 0 1
+1 1 1
+5 1 0 1
-5 1 0 1 1 0 0 1
+1 1 1
+5 1 0 1
-5 1 0 1
+1 1 1
+5 1 0 1
-5 1 0 1
+6 1 0 1
+37 2 1
-17 3 1 0 1 0 0 1
+8 2
+29 6
+9 2
+20 2 1 0 1 0 0 1
+13 2
-13 1
+6 1
+20 1 0 0 1 0 0 1
-20 1
+7 1
-7 1 0 1
+7 1 0 1
cfi=(12)
cfn=(30)
calls=1 435 
* 17 4 1 0 2 0 0 2
* 1 1
+5 2
-3 2 1
+3 2 0 1
cfi=(12)
cfn=(30)
calls=1 435 
* 17 4 1 0 2 0 0 2
* 1 1
+80 1 1
-68 2 0 0 1 0 0 1
-10 1
+78 2 1
-72 2 1
+72 1 0 1
-68 1
+68 1 0 1
-68 1 0 1
cfi=(12)
cfn=(30)
calls=1 435 
* 17 4 1 0 2 0 0 2
* 1 1
+5 1
-4 1
+4 1 0 0 1 0 0 1
-4 2
+55 1
-51 1
+51 1 0 1
-51 1 0 1
cfi=(12)
cfn=(30)
calls=1 435 
* 17 4 1 0 2 0 0 2
* 1 1
+5 1
-4 1
+4 1
-4 2
+37 1 0 0 1 0 0 1
-33 1
+33 2 0 2
-33 1 0 1
cfi=(12)
cfn=(30)
calls=1 435 
* 17 4 1 0 2 0 0 2
* 1 1
+7 1
-6 1 1
+6 1
+42 1 1
-42 2 0 1
cfi=(12)
cfn=(30)
calls=1 435 
* 17 4 1 0 2 0 0 2
+2 1 1 0 1 0 0 1
-2 1 1
+2 1 1
+40 1
-40 1
-2 1 0 1
+26 9 1 5 1 0 0 1
cfi=(12)
cfn=(60)
calls=1 162 
* 39 7 4 4 0 0 4
+6 2 1
+3 10 2 5 1 0 0 1
cfi=(12)
cfn=(60)
calls=1 162 
* 39 7 4
+2 9 1 5 1 0 0 1
cfi=(12)
cfn=(60)
calls=1 162 
* 39 7 4
+1 10 2 5
cfi=(12)
cfn=(60)
calls=1 162 
* 39 7 4
+1 11 1 5 1 0 0 1
cfi=(12)
cfn=(60)
calls=1 162 
* 39 7 4
+3 10 1 5 1 0 0 1
cfi=(12)
cfn=(60)
calls=1 162 
* 39 7 4
+8 1 0 1
+1 1 1
fe=(17)
+12 1
fi=(21)
-8 1 1
-2 1 1 0 1 0 0 1
fe=(17)
+10 2
fi=(21)
-12 1 0 1
+1 1 1
+3 1 0 1
-2 1 0 1
-1 1 0 1
+2 1 0 1
+2 1 0 1
fe=(17)
+7 1 0 1 1 0 0 1
cfi=(12)
cfn=(30)
calls=1 435 
* 16 3 1 1 2 0 1 2
+3 4 0 1
cfi=(12)
cfn=(30)
calls=1 435 
* 18 4 1
+9 1 1
+4 1 1
-4 2
+55 1 1 0 1 0 0 1
-1 1 0 1
+1 1
+45 4 0 1
cfi=(12)
cfn=(30)
calls=1 435 
* 16 3 1 0 2 0 0 2
+2 4 0 1 1 0 0 1
cfi=(12)
cfn=(30)
calls=1 435 
* 16 3 1 0 1 0 0 1
+4 2 1
+3 4 1
+3 1 0 1 0 0 1 0 0 1
+35 3
-32 1 0 1
+32 1 0 1
cfi=(12)
cfn=(30)
calls=1 435 
* 18 4 1 0 2 0 0 2
+7 8 7
fi=(21)
1046 3 0 1 1 0 0 1
+3 1 0 0 1 0 0 1
+1 2 0 1
fe=(17)
1195 1
+1 1
-1 1
+1 2
+45 3 1 0 1 0 0 1
+27 2 0 1
-10 3 0 0 1 0 0 1
+1 4 1 0 1 0 0 1
+6 1
-3 2 1
fi=(21)
863 3 0 2 2 0 0 2
cfn=(52)
calls=1 266 
* 454 50 18 12 6 0 12 6
+1 1
-1 1 0 1
+1 1 0 1
cfn=(52)
calls=1 266 
* 521 50 18
+4 1
-4 2 0 1
+1 1 0 1
+3 1 0 1
cfn=(52)
calls=1 266 
* 471 50 18
+2 1
-2 1 0 1
+2 1 0 1
cfn=(52)
calls=1 266 
* 463 50 18 1 0 0 1
+3 1
-3 1 0 1 1 0 0 1
+1 2 1 1
+2 1 0 1
cfn=(52)
calls=1 266 
* 444 50 18
+2 1
-2 1 0 1
+2 1 0 1
cfn=(52)
calls=1 266 
* 446 50 18
+2 1
-2 1 0 1
+2 1 0 1
cfn=(52)
calls=1 266 
* 496 50 18
+2 1
-2 1 0 1 1 0 0 1
+2 1 0 1
cfn=(52)
calls=1 266 
* 486 50 18
+2 1
-2 1 0 1
+2 1 0 1
cfn=(52)
calls=1 266 
* 488 50 18
+3 1
-2 1 0 1
-1 1 0 1
+3 1 0 1
cfn=(52)
calls=1 266 
* 511 50 18
+2 1
-2 1 0 1
+2 1 0 1 1 0 0 1
cfn=(52)
calls=1 266 
* 513 50 18
+2 1
-2 1
+2 1 0 1
cfn=(52)
calls=1 266 
* 514 50 18
+2 4 1
-2 1 0 1
+2 2 0 2
cfn=(58)
calls=1 624 
* 219 24 19 13 0 0 13
1001 1 1
-6 3 3 0 1 0 0 1
+6 1
-6 2 1 1
+6 2
-6 2 1 1
+6 3 2
-1 2 0 0 1 0 0 1
fe=(17)
775 4 2 1 1 0 0 1
565 4 1 0 0 1 0 0 1
781 5 0 0 1 0 0 1
+37 2 0 0 1 0 0 1
+3 2 0 1
926 1 0 1
+1 2 1

fn=(40)
431 3 0 2 1 0 0 1
+4 4
+3 3 0 1 0 0 1 0 0 1
+5 2 0 0 1 0 0 1
-5 1 0 1
+5 1
-5 1 0 1
+4 1 0 1
+1 1 0 1
+1 4 0 1
+1 4 0 1
+1 3 0 1
+1 2 1 0 1 0 0 1
+7 2 1
+2 4 0 1
+5 1
-5 1 0 1
+5 1
-5 2 0 2
+5 1
+7 1 1 0 1 0 0 1
-7 4 0 4 0 0 1 0 0 1
+7 1
+1 3
+6 1 1
-6 4 0 4 1 0 1 1 0 1
+6 1
fi=(18) /usr/src/debug/glibc-2.43-6.fc44.x86_64/elf/../sysdeps/unix/sysv/linux/x86/dl-minsigstacksize.h
24 2 1 0 1 0 0 1
+3 2 1
+1 2 1
+37 3
+9 2 0 1 1 0 0 1
fe=(17)
490 3 3

fn=(44)
90 8 0 6 1 0 0 1
+4 1 1
+37 1 1
-9 1 1
-18 1 1
-1 1
-1 1
+25 1
-14 1 1
-10 1
-1 2 1 0 1 0 0 1
+25 1
-24 1
+27 1
-26 1 0 1
+17 1
+6 1
+7 1
-22 1
+18 1
-18 1 1
+18 1 1
+4 1 0 0 1 0 0 1
-7 1 0 1
+7 1 1
-7 1 0 1
-6 1
+13 1 0 1
-13 1 1
-9 1 0 1
+18 1 0 1
+4 1 0 1
+1 1 1
+7 1 1 0 1 0 0 1
+5 1 1
-8 1
-4 1 0 1
+13 1 1 0 0 1 0 0 1
-9 2 1
+7 1
-7 2 0 1
+1 1 1
+8 2 0 1 1 0 0 1
+3 1
-5 2 1
-6 2 0 1
+1 1 1
+10 2
-5 1 0 1
-5 2 0 1
+6 3 1 0 1 0 0 1
+4 2
-4 1 0 1
+4 1 0 1
+14 2
389 2
+4 3 1 0 1 0 0 1
fi=(19) /usr/src/debug/glibc-2.43-6.fc44.x86_64/elf/../sysdeps/unix/sysv/linux/x86/dl-hwcap2.h
25 2 1
fi=(20)
+6 1
-3 1
+3 2
fe=(17)
402 1 0 1
+1 8 7
163 1 0 1 1 0 0 1
+6 5 0 2 1 0 0 1
+1 3 0 1
+2 3
+91 1 1
-1 2
+17 4 1 0 1 0 0 1
+16 2 1
+4 1 0 1 1 0 0 1
+1 1 1
+3 4 1 1
+4 2
+4 3
+1 2
+5 1
-1 1 0 0 1 0 0 1
+10 1
-6 1
+2 1 0 1
-2 1 0 1
+3 1 0 1 0 0 1 0 0 1
+3 1
+63 1 0 0 1 0 0 1
fi=(20)
30 1 1
fe=(17)
389 2
fi=(20)
32 3 1
+7 5 1
+1 3 1 0 1 0 0 1
+8 3
+1 1 1
+2 4
fe=(17)
176 2 0 0 1 0 0 1
+6 2 0 0 1 0 0 1
+14 1
+12 2 1
-30 1 0 1
+18 1
+12 1
-12 1
+12 1 0 1
-12 1 0 1
+2 4 1 1 1 0 0 1
+6 4 0 1
+2 4 1 1
+7 4 1 0 1 0 0 1
-24 1 0 1 1 0 0 1
-5 2 0 1
+4 1
fi=(20)
54 2
+9 6
fe=(17)

fl=(15)
fn=(32)
36 1 0 0 1 0 0 1
fi=(252) /usr/src/debug/glibc-2.43-6.fc44.x86_64/elf/../sysdeps/unix/sysv/linux/brk_call.h
-12 2
fe=(15)
+13 1 0 1 0 0 1 0 0 1
+1 2
+6 1
+1 1 1

fl=(27)
fn=(74)
59 60 0 40 1 0 4 1 0 4
+3 8
+18 3 3
+3 6 0 3 0 0 1 0 0 1
cfi=(23)
cfn=(64)
calls=3 -26 
* 69 9
+4 3
-4 3
+4 3
+5 3
-9 9 0 6
fi=(29)
-39 6 3 3
cfi=(28)
cfn=(76)
calls=3 +36 
* 201 35 28 5 1 2 5 1 2
fe=(27)
+39 1 0 1 1 0 0 1
fi=(29)
-39 2 1 1
cfi=(28)
cfn=(76)
calls=1 +36 
* 34 4 4 5 0 1 5 0 1
* 4
fe=(27)
+51 8
+4 4 4
-1 4 0 4 1 0 4 1 0 4
+6 4
-5 4
+5 4 4
-5 4 0 4 0 0 4 0 0 4
+4 4
+1 4
-1 4 0 4
+1 8 0 8
cfi=(30)
cfn=(84)
calls=4 210 
* 55 13 9 2 1 5 2 1 5
* 4 4
+15 4 4
-15 4 0 4 0 0 1 0 0 1
+2 4 0 4
+13 8 4 0 1 0 0 1
+6 1
+2 7 2 2 0 1 0 0 1
+3 2 1
-3 21 6 6 0 3 0 0 3
+3 6 3
+6 4 4
-4 4 0 4 1 0 1 1 0 1
+4 4 0 4
+3 16
fi=(4)
1380 3 0 0 1 0 0 1
fe=(27)
139 2
+2 1 0 1 0 0 1 0 0 1
-2 2
fi=(4)
1380 45
fe=(27)
139 30
+2 15 0 15 0 0 3 0 0 3
-2 30
+16 8 4
-5 4 0 4 0 0 4 0 0 4
-1 4
+30 4
-30 4 0 4 1 0 0 1
+6 12 4 0 0 1 0 0 1
+2 6 0 3 0 0 2 0 0 2
+3 6
-3 6
+7 12 3
+4 6
+8 1 0 1 1 0 0 1
+3 1 0 1
+10 4 2
-10 3 0 3 0 0 1 0 0 1
+10 12 6
+2 3 0 3
cfi=(23)
cfn=(64)
calls=3 57 
* 105 15 0 0 1 0 0 1
+21 3
-21 9 0 3
+17 3
-13 9 0 0 1 0 0 1
+50 9 6 3 1 0 0 1
cfi=(30)
cfn=(136)
calls=3 -48 
* 47 11 8 0 0 2 0 0 2
* 3
+5 6
+1 6 3
-1 108
+1 108 54
+4 6
+1 3 0 3
+3 3 0 3
+4 36 28
131 8 0 4 1 0 4 1 0 4
-8 3
-4 6 3
+34 1 0 0 1 0 0 1
+7 4
+8 12 3 0 1 0 0 1
fi=(29)
56 6 3 3
cfi=(28)
cfn=(80)
calls=3 -20 
* 54 9 9
* 3
fe=(27)
200 6
-1 6
64 2 0 0 1 0 0 1
+2 3 1 0 1 0 0 1
+1 6 1 1 1 0 0 1
+10 1
-6 2

fn=(88)
31 20 0 8 1 0 0 1
+2 4
-2 8 0 4
+2 4 4 4
cfi=(25)
cfn=(90)
calls=4 +10 
* 12 4
+2 26 4 0 1 0 0 1
+3 36 9
+2 3 0 3
+2 3 0 3
+4 3
+1 3 3
+3 3
-4 3 0 3
+1 3 0 3
+1 3
+3 3 3
-3 3 0 3
+3 6 6
-1 3 3
cfi=(25)
cfn=(90)
calls=3 -7 
* 9 3
-4 1
+1 1 1 0 0 1 0 0 1
+3 1
-4 1 0 1
+1 1 0 1
+1 1
+3 1 1
-3 1 0 1
+3 2 2
-1 1 1
cfi=(25)
cfn=(90)
calls=1 -7 
* 3 1
-5 2 0 1 1 0 0 1

fl=(55)
fn=(180)
40 18 0 9 1 0 0 1
+1 3 0 3
cfi=(23)
cfn=(64)
calls=3 +16 
* 105 15 0 1 0 0 1
* 3
fi=(253) /usr/src/debug/glibc-2.43-6.fc44.x86_64/string/../include/rtld-malloc.h
+15 6 3 3
cfi=(28)
cfn=(80)
calls=3 -20 
* 54 9 9
fe=(55)
-12 6
+3 6
+1 3 3
-1 3
+1 6 6
-1 3
cfi=(30)
cfn=(84)
calls=3 210 
* 41 11 8 0 0 1 0 0 1

fl=(49)
fn=(148)
28 2 0 0 2 0 0 1
+1 2 2

fl=(145)
fn=(488)
74 15 0 6 1 0 0 1
+1 3 3
-1 15 0 9
+2 6
+2 21 9 3 1 2 0 1
+1 6
+2 6 3 3
+5 21 0 6
-2 25 5 0 1 2 0 1
+2 3 3
+1 12 6
-1 6
+1 3 0 3
cfn=(490) check_match
calls=3 -56 
* 602 124 27 8 15 0 8 7
* 3
+3 6
+3 6
+23 24 21 0 1 0 0 1

fn=(490)
31 9 0 3 1 0 0 1
+1 3 3
-1 12 0 6
+1 3 3
fi=(4)
+47 3
fe=(145)
-48 6 0 6
+1 6 3
+1 9 0 0 1 0 0 1
+2 6 3 0 0 2
+1 6 3
+12 9 3 3
+3 12 6 3
+2 9 3 3
cfi=(34)
cfn=(100)
calls=3 +45 
* 237 34 0 4 7 0 4 4
* 6
+4 6 6 0 1 1 0 1
+1 15 6 0 0 1
+1 9 3 3
cfi=(34)
cfn=(100)
calls=3 +39 
* 203 27 0 0 4 0 0 3
-19 12 3
+24 21 18 0 1 0 0 1

fl=(1) ???
fn=(0) 0x000000000001e440
0 2 0 1 1 0 1 1 0 1
cfi=(2)
cfn=(2)
calls=1 519 
0 245419 59655 24373 980 2010 772 970 1483 750
0 8 1 1 1
cfi=(78)
cfn=(536) _dl_cet_setup_features
calls=1 331 
0 4 1 0 2 0 0 2
0 10 2 1 1 0 0 1
cfi=(159)
cfn=(540)
calls=1 81 
0 903 172 117 70 36 6 70 3 2
0 3
cob=(6)
cfi=(170)
cfn=(584) (below main)
calls=1 0 
0 604840 96013 17790 721 1256 1110 653 52 1056

fl=(26)
fn=(72)
28 2 0 0 1 0 0 1
+1 2 2
+3 91 87
+13 84
-13 168
+2 170 85 0 1 0 0 1
+1 12 6
+5 1
-3 1
+3 1 0 1
+2 1 1

fl=(45)
fn=(130)
59 1 0 0 1 0 0 1
+12 1
+1 1
+22 1
+1 1
+45 1 1 0 1 0 0 1
+1 1 1
+2 1
+1 1
+2 1 1
+1 1 1
+2 1
+1 1
+47 1 0 0 1 0 0 1
+1 1
+1 1
+1 1
+1 1
+1 1 1

fl=(34)
fn=(262)
98 1 0 0 1 0 0 1
+27 1
+1 1
+1 1
+1 1
+1 1
+2 1
+1 1
+2 1
+1 1
+21 1
+1 1
+1 1
+1 1
+1 1 1
+1 1 1 0 0 1 0 0 1
+1 1 1
+1 1 1 0 1 0 0 1
+17 1
+1 1
+1 1
+1 1
+1 1
+1 1
+1 1
2104 1 0 0 1 0 0 1
+3 1
+1 1
+2 1 1
+1 1 1 0 1 0 0 1
+8 1
+1 1 1

fn=(100)
98 457 0 0 2 0 0 1
+33 457
+1 457
+2 457
+1 457
+21 457
+1 457
+1 385
+1 385
+1 330 330 0 0 60 0 0 34
+1 330 330 0 0 10 0 0 8
+1 330 330
+1 330 330
+17 330
+1 330
+1 330
+1 330
+1 330
+1 330 0 0 1 0 0 1
+1 330
+5 28
+1 84
+9 28
+1 28
+1 28
+1 28
+1 28
+1 28
+1 28
+1 28
-7 127 0 0 1
+1 127
+1 127
+1 127
+1 127
+1 127
+1 127
+1 127
+1 149
+1 89
+1 89
+1 89
+2 89
+1 89
+1 89
+1 89 89 0 0 1
+1 89
+1 89
-5 60 0 0 2 0 0 1
+1 60
+1 60
+1 60 60 0 0 2 0 0 1
+1 60
+1 60
+10 6 6 0 0 2
+1 6
+1 6
+2 6 6 0 0 2 0 0 2
+6 6
+1 6
+1 6
+1 6
+1 6 0 0 1 0 0 1
+5 6
+2 3
+1 3
+1 6
+8 3 3
+1 3 3
+3 3
+1 3
+1 3
+1 3
+1 3
+1 3 0 0 1 0 0 1
424 1 0 0 1 0 0 1
+1 1 1 0 0 1 0 0 1
+1 1 1 0 0 1
+1 1
+1 1
+2 1
+1 1
+1 1
+1 1
+1 1
+1 1
+1 1
+1 1 1
+3 1
+1 1
+1 1 0 0 1 0 0 1
+6 1
+1 1
+1 2
+4 1
+1 1
+3 1 1 0 0 1
+1 1 1
+1 1
+2 1
+1 1 0 0 1 0 0 1
+1 1
+4 1
+1 1
+1 1
+1 1
+1 1
+1 1
+7 1
+1 1
+2 1
+1 1
+2 1 1
+1 1 1
+1 1
+2 1 0 0 1 0 0 1
+1 1
+1 1
+4 1
+1 1
+1 1
+1 1
+1 1
+1 1
+41 10 0 0 1 0 0 1
+1 10 10 0 0 1 0 0 1
+1 10 10
+1 10
+1 10
+2 10
+1 10
+1 10
+1 10
+1 10
+1 10
+1 10
+1 2 2
+4 2
+1 2
+1 2 0 0 1 0 0 1
+6 2
+1 2
+1 4
+4 2
+1 2
+3 2 2
+1 2 2
+1 2
+2 2
+1 2 0 0 1 0 0 1
+1 2
+4 2
+1 2
+1 2
+1 2
+1 2
+1 2
+7 1
+1 1
+2 1
+1 1
+2 1 1
+1 1 1 0 0 1 0 0 1
+1 1
+2 1 0 0 1 0 0 1
+1 1
+1 1
+4 1
+1 1
+1 1
+1 1
+1 1
+1 1
+41 5 0 0 1 0 0 1
+1 5 5 0 0 2 0 0 1
+1 5 5
+1 5
+1 5
+2 5
+1 5
+1 5
+1 5
+1 5
+1 5
+1 5
+1 4 4
+4 4
+1 4
+1 4 0 0 1 0 0 1
+6 4
+1 4
+1 8
+4 4
+1 4
+3 4 4
+1 4 4 0 0 2 0 0 2
+1 4
+2 4
+1 4 0 0 1 0 0 1
+1 4
+4 4
+1 4
+1 4
+1 4
+1 4
+1 4
+69 5 0 0 1 0 0 1
+1 5 5 0 0 1
+1 5 5 0 0 1 0 0 1
+1 5
+1 5
+2 5
+1 5
+1 5
+1 5
+1 5
+1 5
+1 5
+1 5 5
+4 5
+1 5
+1 5 0 0 1 0 0 1
+6 5
+1 5
+1 10
+4 5
+1 5
+3 5 5
+1 5 5 0 0 2 0 0 2
+1 5
+2 5
+1 5 0 0 1 0 0 1
+1 5
+4 5
+1 5
+1 5
+1 5
+1 5
+1 5
+69 4 0 0 1 0 0 1
+1 4 4 0 0 1
+1 4 4 0 0 1
+1 4
+1 4
+2 4
+1 4
+1 4
+1 4
+1 4
+1 4
+1 4
+1 3 3
+4 3
+1 3
+1 3 0 0 1 0 0 1
+6 3
+1 3
+1 6
+4 3
+1 3
+3 3 3
+1 3 3 0 0 2 0 0 1
+1 3
+2 3
+1 3 0 0 1 0 0 1
+1 3
+4 3
+1 3
+1 3
+1 3
+1 3
+1 3
+69 4 0 0 1 0 0 1
+1 4 4
+1 4 4 0 0 1
+1 4
+1 4
+2 4
+1 4
+1 4
+1 4
+1 4
+1 4
+1 4
+1 2 2
+4 2
+1 2
+1 2 0 0 1 0 0 1
+6 2
+1 2
+1 4
+4 2
+1 2
+3 2 2 0 0 1 0 0 1
+1 2 2
+1 2
+2 2
+1 2 0 0 1 0 0 1
+1 2
+4 2
+1 2
+1 2
+1 2
+1 2
+1 2
+69 11 0 0 1 0 0 1
+1 11 11 0 0 3 0 0 1
+1 11 11 0 0 2 0 0 1
+1 11
+1 11
+2 11
+1 11
+1 11
+1 11
+1 11
+1 11
+1 11
+1 9 9
+4 9
+1 9
+1 9 0 0 1 0 0 1
+6 9
+1 9
+1 18
+4 9
+1 9
+3 9 9 0 0 2 0 0 1
+1 9 9 0 0 2 0 0 2
+1 9
+2 9
+1 9 0 0 1 0 0 1
+1 9
+4 9
+1 9
+1 9
+1 9
+1 9
+1 9
+7 2
+1 2
+2 2
+1 2
+2 2 2
+1 2 2
+1 2
+2 2 0 0 1 0 0 1
+1 2
+1 2
+4 2
+1 2
+1 2
+1 2
+1 2
+1 2
+41 5 0 0 1 0 0 1
+1 5 5 0 0 2 0 0 1
+1 5 5
+1 5
+1 5
+2 5
+1 5
+1 5
+1 5
+1 5
+1 5
+1 5
+1 4 4
+4 4
+1 4
+1 4 0 0 1 0 0 1
+6 4
+1 4
+1 8
+4 4
+1 4
+3 4 4
+1 4 4 0 0 1
+1 4
+2 4
+1 4 0 0 1 0 0 1
+1 4
+4 4
+1 4
+1 4
+1 4
+1 4
+1 4
+7 1
+1 1
+2 1
+1 1
+2 1 1
+1 1 1
+1 1
+2 1 0 0 1 0 0 1
+1 1
+1 1
+4 1
+1 1
+1 1
+1 1
+1 1
+1 1
+41 15 0 0 1 0 0 1
+1 15 15 0 0 1
+1 15 15 0 0 2
+1 15
+1 15
+2 15
+1 15
+1 15
+1 15
+1 15
+1 15
+1 15
+1 14 14
+4 14
+1 14
+1 14 0 0 1 0 0 1
+6 14
+1 14
+1 28
+4 14
+1 14
+3 14 14
+1 14 14
+1 14
+2 14
+1 14 0 0 1 0 0 1
+1 14
+4 14
+1 14
+1 14
+1 14
+1 14
+1 14
+7 1
+1 1
+2 1
+1 1
+2 1 1
+1 1 1
+1 1
+2 1 0 0 1 0 0 1
+1 1
+1 1
+4 1
+1 1
+1 1
+1 1
+1 1
+1 1
+41 25 0 0 2 0 0 1
+1 25 25 0 0 4 0 0 2
+1 25 25 0 0 1
+1 25
+1 25
+2 25
+1 25
+1 25
+1 25
+1 25
+1 25
+1 25
+1 12 12
+4 12
+1 12
+1 12 0 0 2 0 0 1
+6 12
+1 12
+1 24
+4 12
+1 12
+3 12 12 0 0 1 0 0 1
+1 12 12 0 0 4 0 0 2
+1 12
+2 12
+1 12 0 0 2 0 0 1
+1 12
+4 12
+1 12
+1 12
+1 12
+1 12
+1 12
+69 8 0 0 1 0 0 1
+1 8 8 0 0 1 0 0 1
+1 8 8
+1 8
+1 8
+2 8
+1 8
+1 8
+1 8
+1 8
+1 8
+1 8
+1 6 6
+4 6
+1 6
+1 6 0 0 1 0 0 1
+6 6
+1 6
+1 12
+4 6
+1 6
+3 6 6 0 0 2 0 0 1
+1 6 6 0 0 1 0 0 1
+1 6
+2 6
+1 6 0 0 1 0 0 1
+1 6
+4 6
+1 6
+1 6
+1 6
+1 6
+1 6
+7 1
+1 1
+2 1
+1 1
+2 1 1
+1 1 1
+1 1
+2 1 0 0 1 0 0 1
+1 1
+1 1
+4 1
+1 1
+1 1
+1 1
+1 1
+1 1
+41 17 0 0 1 0 0 1
+1 17 17
+1 17 17 0 0 5 0 0 3
+1 17
+1 17
+2 17
+1 17
+1 17
+1 17
+1 17
+1 17
+1 17
+1 13 13
+4 13
+1 13
+1 13 0 0 1 0 0 1
+6 13
+1 13
+1 26
+4 13
+1 13
+3 13 13 0 0 3 0 0 3
+1 13 13
+1 13
+2 13
+1 13 0 0 1 0 0 1
+1 13
+4 13
+1 13
+1 13
+1 13
+1 13
+1 13
+69 23 0 0 1 0 0 1
+1 23 23 0 0 3 0 0 3
+1 23 23 0 0 7 0 0 6
+1 23
+1 23
+2 23
+1 23
+1 23
+1 23
+1 23
+1 23
+1 23
+1 11 11
+4 11
+1 11
+1 11 0 0 1 0 0 1
+6 11
+1 11
+1 22
+4 11
+1 11
+3 11 11 0 0 3 0 0 3
+1 11 11 0 0 2 0 0 2
+1 11
+2 11
+1 11 0 0 1 0 0 1
+1 11
+4 11
+1 11
+1 11
+1 11
+1 11
+1 11
+7 1
+1 1
+2 1
+1 1
+2 1 1
+1 1 1
+1 1
+2 1 0 0 1 0 0 1
+1 1
+1 1
+4 1
+1 1
+1 1
+1 1
+1 1
+1 1
+41 16 0 0 1 0 0 1
+1 16 16 0 0 4 0 0 3
+1 16 16 0 0 2 0 0 1
+1 16
+1 16
+2 16
+1 16
+1 16
+1 16
+1 16
+1 16
+1 16
+2 6 6
+4 6
+1 6
+1 6 0 0 1 0 0 1
+6 6
+1 6
+2 12
+4 6
+1 6
+3 6 6 0 0 2 0 0 1
+1 6 6 0 0 2 0 0 2
+1 6
+2 6
+1 6 0 0 1 0 0 1
+1 6
+4 6
+1 6
+1 6
+1 6
+1 6
+1 6
+7 1
+1 1
+2 1
+1 1
+2 1 1
+1 1 1
+1 1
+2 1 0 0 1 0 0 1
+1 1
+1 1
+4 1
+1 1
+1 1
+1 1
+1 1
+1 1
+43 95 0 0 1
+2 95
+1 95
+1 95
+1 95
-3 60
+1 60
+1 60
+1 60
+1 178
+5 89
+6 89 89
+1 89 89
+8 89
+1 89 89
-16 368 0 0 1 0 0 1
+6 368 368
+1 368 368
+8 368
+1 368 368

fl=(148)
fn=(502)
27 1 0 0 1 0 0 1
+2 2
-2 1 0 1
+6 3
-6 3 0 1
+6 1
-6 1
+6 2 0 2
cfi=(145)
cfn=(488)
calls=1 +41 
* 245 56 19 0 6 0 0 3
* 1
+4 3 1 0 1 0 0 1
+2 3 2
+1 1
-1 1 1
+2 2 2
-1 1
cob=(2)
cfi=(149) /usr/src/debug/glibc-2.43-6.fc44.x86_64/elf/libc_early_init.c
cfn=(504) __libc_early_init
calls=1 -6 
* 1139 114 308 27 40 37 27 22 36

fl=(237) /usr/src/debug/glibc-2.43-6.fc44.x86_64/elf/dl-fini.c
fn=(902) _dl_fini
26 6 0 4 1 0 0 1
+17 1
-17 4 0 3 0 0 1
+20 8 1 0 1 1 0 1
+3 2 1 1 0 1
cob=(2)
cfi=(238) /usr/src/debug/glibc-2.43-6.fc44.x86_64/nptl/pthread_mutex_lock.c
cfn=(904) pthread_mutex_lock@@GLIBC_2.2.5
calls=1 +22 
* 38 9 5 5 1 0 5
+2 1 1 0 0 1
+3 2
+2 5 2 0 1 1 0 1
-10 4
+95 4 2 1
+2 1
-2 2
+6 2 1
+7 8 7
-91 3 0 1 1 0 0 1
-2 1 0 1
+2 1 0 1
cfi=(50)
cfn=(526)
calls=1 -22 
* 8 3 0 2 1
+5 16 1 1 2 0 0 2
+6 1 1
-6 1
+4 1
+2 3
+2 10 5 0 0 5
+2 10
+2 10 0 5
+1 5 0 5 1 0 5 1 0 1
+1 5
+4 5 0 5 0 0 4
-12 15 5 0 0 2
+19 6
+1 4
+6 6 0 3 1 0 0 1
cfi=(14)
cfn=(250)
calls=1 298 
* 354 89 49 18 7 0 2
+9 2 1 1
cob=(2)
cfi=(239) /usr/src/debug/glibc-2.43-6.fc44.x86_64/nptl/pthread_mutex_unlock.c
cfn=(906) pthread_mutex_unlock@@GLIBC_2.2.5
calls=1 357 
* 34 7 5 4 0 0 4
+5 11 2
+14 5 0 5
-14 10
+2 5 5 0 1 0 0 1
+2 10 5
+2 20 0 15
cfi=(240)
cfn=(910)
calls=5 -96 
* 1219 377 212 72 67 16 30 3 3
+3 10 0 5
cfi=(50)
cfn=(936)
calls=5 -26 
* 25 10 0 1 0 0 1
* 15 10
+8 2 0 0 1 0 0 1
+4 3 0 1
cfi=(50)
cfn=(526)
calls=1 -94 
* 8 3
* 2 1

fl=(30)
fn=(136)
197 8 0 0 2 0 0 1
+1 8
+1 8
+1 8
+17 8
+1 8
+2 5 5 0 0 2 0 0 1
+1 5
+1 5
+2 2 2
+1 2 0 2
+1 2 0 2 0 0 1 0 0 1
+2 2 2
+80 3
+1 3
+2 1
+4 1
+1 1
+1 1
+8 1 1
+39 2 2
+1 2 2
+1 2 0 2
+1 2 0 2
+1 2 2
+7 3 3
+1 3 3
+1 3 0 3 0 0 2 0 0 1
+1 3 0 3 0 0 2 0 0 2
+1 3 0 3 0 0 1 0 0 1
+1 3 0 3
+1 3 3
+11 3
+1 3
+2 3 3 0 0 1
+1 3
+1 3

fn=(84)
210 19 0 0 2 0 0 1
+1 19
+6 19
+1 19
+2 14 14
+1 14
+1 14
+2 8 8
+1 8 0 8 0 0 1 0 0 1
+1 8 0 8
+2 8 8
+80 5
+1 5
+2 1
+4 1
+1 1
+1 1
+1 1 1 0 1 1 0 1 1
+1 1
+4 1 0 1 0 0 1 0 0 1
+2 1 1
+39 4 4
+1 4 4
+1 4 0 4 0 0 2 0 0 2
+1 4 0 4
+1 4 4
+7 6 6 0 1
+1 6 6
+1 6 0 6 0 0 2 0 0 2
+1 6 0 6
+1 6 0 6 0 0 1 0 0 1
+1 6 0 6
+1 6 6
+11 6 0 0 2 0 0 1
+1 6
+2 6 6
+1 6
+1 6

fl=(78)
fn=(536)
331 1 0 0 1 0 0 1
+3 2
+16 1 1 0 1 0 0 1

fn=(288) dl_cet_check
269 4 0 1 1 0 0 1
+6 2 0 0 1 0 0 1
+2 2 1
-1 1 0 1
+6 1 1
+3 1 0 1
-3 1
+1 1
-1 1
+1 1
-1 1 0 1
+1 1 0 1
+5 2
+5 2
+25 2 2 0 1 0 0 1

fn=(286)
361 1 0 0 1 0 0 1
+1 1
cfn=(288)
calls=1 -93 
* 23 4 5 3 0 0 3

fl=(66)
fn=(222)
143 5 0 1 1 0 0 1
+1 2
-1 1
+1 1
-1 2 0 2
+1 1
-1 1 0 1
+1 1
-1 4 0 3 1 0 1 1 0 1
+1 3
-1 1 0 1
+1 7 0 0 1 0 0 1
-8 1 1
+8 2
-8 1
-6 1
-2 1 0 1 0 0 1 0 0 1
+16 1
-8 1
-7 1 0 1
+1 1 0 1
+6 1 0 1 1 0 0 1
+24 4
-28 3 0 1
-2 1
+31 1 1
-33 1 0 1
+32 1
-30 2
+30 1
-30 1
-1 1 0 1 1 0 0 1
+1 1 0 1
+6 4 1 1
+24 3
+28 3 1 1
-24 1 1
+18 1 1 0 1 0 0 1
+4 1
fi=(72) /usr/src/debug/glibc-2.43-6.fc44.x86_64/elf/../include/scratch_buffer.h
78 1 0 1 0 0 1 0 0 1
fe=(66)
184 1 0 1
-20 1 0 1
fi=(72)
-87 2 0 1
fe=(66)
232 3 0 3 1 0 0 1
-35 1 1
-4 1 0 1
+4 6 4
-4 4 0 4
+4 8
+11 14 7 0 0 1 0 0 1
-18 2
+18 4 2 0 0 1
417 10 0 0 1 0 0 1
+2 3
+3 3
-3 9 0 6
+3 6 0 3
fi=(29)
56 3 3 3
cfi=(28)
cfn=(80)
calls=3 -20 
* 54 9 9
fe=(66)
423 6 3
fi=(29)
56 3 0 0 1 0 0 1
fe=(66)
423 3
+6 3 0 3 0 0 1 0 0 1
+1 9 0 3
cfi=(30)
cfn=(84)
calls=3 210 
* 33 9 6
+1 18 3 3
cfi=(30)
cfn=(84)
calls=3 210 
* 33 9 6 0 0 1 0 0 1
+3 3 0 3
+1 3 0 3
+4 15 5 0 1 0 0 1
188 8 4
442 12 4
-1 5 5
+1 10
183 5 3 1
+27 12 9 0 1 0 0 1
+7 3 3
+4 3 3
-6 3 0 3
+1 3 0 3 1 0 1 1 0 1
+1 3 0 3
+1 6 3 3
+3 9 3
+7 3
-38 6 0 6
+38 3
-9 3 0 3 1 0 0 1
-29 3 0 3
+38 3 0 3
-38 9
+32 172
+6 20 10 5
cfi=(39)
cfn=(178)
calls=5 * 
* 238 36 15 0 6 1 0 6 1
* 15 0 0 1 0 0 1
+4 10 0 0 1 0 0 1
-2 5 0 5
+2 10 0 5
cfi=(52)
cfn=(160)
calls=5 -24 
* 11112 2157 1123 66 104 96 66 104 96
+1 10 5
+9 5 5 0 1 0 0 1
+2 10 5
+5 15 0 3
+6 3 3
+2 3 0 3
-8 6 0 0 1 0 0 1
+3 3 0 3
+1 3 0 3
+1 3 0 3
+1 3 0 3
+4 3 3
-3 3 0 3
+3 9 0 3
+4 15 5 0 1 0 0 1
+1 6 0 2
-43 356 92
+7 10 0 0 1 0 0 1
+38 243 0 0 1 0 0 1
fi=(72)
85 4 1 0 1 0 0 1
fe=(66)
448 5 1 0 1 0 0 1
+1 1 0 1
+3 4 1 1
+11 4 1 1 1 0 0 1
fi=(29)
56 1 1 1
cfi=(28)
cfn=(80)
calls=1 -20 
* 18 3 3
fe=(66)
465 2 1
fi=(29)
56 1 0 0 1 0 0 1
fe=(66)
465 1
+5 1 1
+2 1
-2 1
+1 2 1 1
-1 1
+4 1
-4 1 0 1
+4 5
+4 15 5 0 1 0 0 1
+6 5
+1 10 0 5 0 0 2 0 0 2
-1 5
+6 5 0 5
-16 15 5
+21 3 1
+37 2 0 0 1 0 0 1
+15 1
-11 1 1
+21 1
-24 2
+20 1 1 0 1 0 0 1
-1 4 0 1 1 0 0 1
+1 1 1
-1 5 1 1
cfi=(14)
cfn=(250)
calls=1 298 
* 305 73 49 13 0 0 12
+5 1 0 1
+2 1 1
+1 1 0 1
-1 1 0 1
+2 2 0 0 1 0 0 1
+7 3 1
+3 3 1
+3 8 7 0 1 0 0 1
198 32 14 0 1 0 0 1
+3 3
fi=(72)
-70 9 0 3 1 0 0 1
cfi=(71)
cfn=(246)
calls=3 30 
* 66 15 9 3 0 0 3
fe=(66)
+70 6
+4 6 3
547 3 0 2 1 0 0 1
cfi=(30)
cfn=(84)
calls=1 210 
* 19 5 4
* 2 1
-53 2
144 2 0 1 2 0 1 2 0 1

fn=(224)
61 30 0 10 1 0 0 1
+7 5 5
-4 15 15
+1 5 5
-1 35 5 5 0 0 1 0 0 1
cfi=(39)
cfn=(166)
calls=5 2194 
* 10662 2027 983 65 104 91 65 104 91
* 5 0 5
+5 15 15

fl=(53)
fn=(162)
31 6 0 0 1 0 0 1
+2 6 0 6
+9 6
+1 12 6
+1 6 0 6
+4 6 0 6 0 0 1 0 0 1
+1 6 0 6 1 0 0 1
+1 6 0 6
+1 6 0 6
+1 6
+2 12 6
+2 6 0 6 0 0 1 0 0 1
+1 6 6
+1 6
+2 12 6
+2 6 0 6
+8 6
+3 6
+1 6 0 6 0 0 1 0 0 1
+7 6
+1 6 6

fl=(244)
fn=(950)
39 1 0 0 1 0 0 1
+5 1 0 1
+3 1
+2 1
+10 1 1 0 0 1
+6 1 0 1 0 0 1
+1 1 0 1
+1 1 0 1
+1 1 0 1
+1 1 0 1
+1 1 0 1
+1 1 0 1 1 0 0 1
+4 1
+1 1
+3 1 0 1
+1 1 0 1
+2 1 0 1
+1 1 0 1
+1 1 0 1
+1 1 0 1
+1 1 0 1 1 0 0 1
+1 1 0 1
+2 1 0 34 0 0 2
+7 1 1
+1 1 1
+1 1 0 1 0 0 1
cfi=(245)
cfn=(952)
calls=1 -52 
* 684 187 77 38 34 11 7 0 2
+1 1
+5 1
+1 1
+1 1 36
+2 1 1
+1 1 1
+1 1 1
+1 1 1 0 1 0 0 1
+1 1 1
+1 1 1
+1 1 1
+2 1
+2 1 1
+4 1
+2 1

fl=(54)
fn=(170)
68 273 0 117 1 0 0 1
+1 78 39 39 0 0 1 0 0 1
cfi=(34)
cfn=(100)
calls=39 +29 
* 1388 255 0 7 1 0 7 1
* 78
+3 39 39
+2 78
+4 39 39
-4 78
+1 141 47 47 1 0 0 1
cfi=(34)
cfn=(100)
calls=47 +23 
* 1865 334 0 2 0 0 2
* 94
+6 8 8
-11 8
+11 55 55
-1 31
+1 93 93

fn=(230)
36 2 0 1 1 0 0 1
+3 1
-3 5 0 2 0 0 1 0 0 1
+3 1
-3 1
+3 1 0 1 0 0 1 0 0 1
cfi=(56)
cfn=(184)
calls=1 -11 
* 21 2 2 0 0 1 0 0 1
+1 3
+2 4 0 2 1 0 0 1
cfi=(59)
cfn=(192)
calls=1 -12 
* 6 1
* 3 1
+2 2 1 1 0 1 0 0 1
+3 2
+13 3 0 2
cfi=(64)
cfn=(210)
calls=1 -35 
* 6 1
* 1 1
+3 6 4
-14 6 0 2 1 0 0 1
cfi=(61)
cfn=(198)
calls=1 -2 
* 26 4 3
* 3 1

fl=(7)
fn=(496) lookup_malloc_symbol
61 8 0 4 1 0 0 1
+3 4
-3 12 0 4
+3 4 0 0 1 0 0 1
-3 4
+3 20 4 8
-1 4 0 4
+1 4 0 4
cfi=(80)
cfn=(300)
calls=4 767 
* 2332 646 272 0 10 0 0 3
+4 8 8
-4 4
+4 20 8
+1 24 12 0 1 0 0 1
+2 4 0 4
fi=(147) /usr/src/debug/glibc-2.43-6.fc44.x86_64/elf/./dl-sym-post.h
-30 8
+12 12 4
fe=(7)
+19 16 16

fn=(12)
42 1 0 0 1 0 0 1
+1 2 0 1 0 0 1 0 0 1
+1 2 0 1
+1 2 0 1
+1 2 0 1 0 0 1 0 0 1
+1 1 1

fn=(492)
76 2 0 1 1 0 0 1
+10 1
fi=(146) /usr/src/debug/glibc-2.43-6.fc44.x86_64/elf/../sysdeps/generic/dl-hash.h
-41 1
-1 2
fe=(7)
+32 7 0 4
+11 1 0 1
-1 1 0 1
fi=(146)
-43 2
+5 3 0 0 1 0 0 1
+14 4
-17 3 1
+3 15
+14 20
-17 15 5
fe=(7)
+46 2
fi=(146)
-24 1
fe=(7)
+22 1 0 1
+2 1
fi=(146)
-19 1 0 1 1 0 0 1
fe=(7)
+19 1 0 1
cfn=(496)
calls=1 -30 
* 604 174 75 3 2 0 3
+1 3
-1 1
+1 1 0 1
cfn=(496)
calls=1 -31 
* 593 171 75 0 2
+1 3
-1 1
+1 1 0 1
cfn=(496)
calls=1 -32 
* 678 179 75 0 4 0 0 3
+1 3
-1 1 0 0 1 0 0 1
+1 1 0 1
cfn=(496)
calls=1 -33 
* 613 174 75 0 2
+5 1 0 1
+1 1 0 1
+1 1 0 1
+1 1 0 1 0 0 1
+1 7 6

fl=(141)
fn=(530)
117 5 0 0 1 0 0 1
+5 1 1

fn=(468)
117 25 0 0 1 0 0 1
+5 5 5

ob=(6)
fl=(170)
fn=(854) __rustc::__rust_alloc
0 5 0 0 1 0 0 1
cfn=(856) __rustc::__rdl_alloc
calls=5 0 
0 764 130 61 6 0 2 6 0 2

fn=(856)
0 45 5 0 1 0 0 1
cob=(2)
cfi=(157)
cfn=(664)
calls=5 3283 
0 719 125 61 5 0 2 5 0 2

fn=(874) __rustc::__rust_dealloc
0 4
cfn=(876) __rustc::__rdl_dealloc
calls=4 0 
0 236 69 26 5 22 0 4

fn=(584)
0 12 2 3 1 1 0 1
cob=(2)
cfi=(171) /usr/src/debug/glibc-2.43-6.fc44.x86_64/csu/../csu/libc-start.c
cfn=(586) __libc_start_main@@GLIBC_2.34
calls=1 242 
0 604828 96011 17787 720 1255 1110 652 52 1056

fn=(848) std::sys::pal::unix::stack_overflow::thread_info::set_current_info
0 13 2 7 2 1 0 2
cob=(2)
cfi=(233) /usr/src/debug/glibc-2.43-6.fc44.x86_64/misc/../sysdeps/unix/syscall-template.S
cfn=(850) gettid
calls=1 91 
0 4 1 0 1 0 0 1
0 19 6 3 2 1 0 2
cfn=(852) __rustc::__rust_no_alloc_shim_is_unstable_v2
calls=1 0 
0 1 1 0 1 0 0 1
0 3 1 1
cfn=(854)
calls=1 0 
0 178 41 23 6 0 0 6
0 7 1 3 2 0 0 2
cob=(2)
cfi=(234) /usr/src/debug/glibc-2.43-6.fc44.x86_64/csu/errno-loc.c
cfn=(858) __errno_location
calls=1 25 
0 4 3 0 1 0 0 1
0 30 5 9 4 1 0 4
cfn=(852)
calls=1 0 
0 1 1
0 3 1 1
cfn=(854)
calls=1 0 
0 165 26 11 0 0 1 0 0 1
0 38 14 13 3 0 2 3 0 2

fn=(862) std::sys::backtrace::__rust_begin_short_backtrace::<fn(), ()>
0 2 0 2 1
cfn=(864) components_redesign::main
calls=1 0 
0 519347 76996 6692 52 1041 1020 47 1 1019
0 2 2

fn=(866) <alloc::raw_vec::RawVecInner<_>>::reserve::do_reserve_and_handle::<alloc::alloc::Global>
0 216 24 36 1 0 0 1
cfn=(868) <alloc::raw_vec::RawVecInner>::finish_grow
calls=12 0 
0 2285 370 288 10 0 13 6 0 13
0 108 60 24

fn=(912)
0 9 2 2 1 1
cob=(2)
cfi=(241)
cfn=(920)
calls=1 45 
0 76 18 12 7 3 1 6 1 1
0 1 1 0 1 1 0 1
0 1 0 1
cfn=(928) 0x0000000000014b70
calls=1 0 
0 5 1 0 2
0 3 2 1

fn=(860) std::rt::lang_start::<()>::{closure#0}
0 3 1 2 1 0 0 1
cfn=(862)
calls=1 0 
0 519351 76998 6694 53 1041 1020 47 1 1019
0 3 2 0 0 1

fn=(838) std::sys::pal::unix::stack_overflow::imp::make_handler
0 18 2 7 4 0 0 4
cob=(2)
cfi=(230) /usr/src/debug/glibc-2.43-6.fc44.x86_64/signal/../sysdeps/unix/syscall-template.S
cfn=(840) sigaltstack
calls=1 120 
0 6 1 0 2 0 0 2
0 4 2 1
cob=(2)
cfi=(231) /usr/src/debug/glibc-2.43-6.fc44.x86_64/misc/getauxval.c
cfn=(842) getauxval
calls=1 56 
0 146 27 1 2 6 0 2
0 11 2 1 1 1 0 1
cob=(2)
cfi=(232) /usr/src/debug/glibc-2.43-6.fc44.x86_64/misc/../sysdeps/unix/sysv/linux/mmap64.c
cfn=(844) mmap
calls=1 47 
0 26 4 3 3 0 0 3
0 7 1 1
cob=(2)
cfi=(233)
cfn=(846) mprotect
calls=1 117 
0 6 1 0 1 0 0 1
0 9 1 4 1 0 0 1
cob=(2)
cfi=(230)
cfn=(840)
calls=1 120 
0 6 1
0 9 6

fn=(872) __rustc::__rdl_realloc
0 264 72 60 2 0 0 2
cob=(2)
cfi=(157)
cfn=(736)
calls=12 3380 
0 1697 238 144 6 0 13 2 0 13

fn=(886) <std::sync::once_lock::OnceLock<std::sync::reentrant_lock::ReentrantLock<core::cell::RefCell<std::io::buffered::linewriter::LineWriter<std::io::stdio::StdoutRaw>>>>>::initialize::<<std::sync::once_lock::OnceLock<std::sync::reentrant_lock::ReentrantLock<core::cell::RefCell<std::io::buffered::linewriter::LineWriter<std::io::stdio::StdoutRaw>>>>>::get_or_init<std::io::stdio::cleanup::{closure#0}>::{closure#0}, !>
0 20 3 7 1 0 1 1
cfn=(883) <std::sys::sync::once::futex::Once>::call'2
calls=1 0 
0 63 19 20 2 1 3 2
0 3 2

fn=(888) <std::sync::once::Once>::call_once_force::<<std::sync::once_lock::OnceLock<std::sync::reentrant_lock::ReentrantLock<core::cell::RefCell<std::io::buffered::linewriter::LineWriter<std::io::stdio::StdoutRaw>>>>>::initialize<<std::sync::once_lock::OnceLock<std::sync::reentrant_lock::ReentrantLock<core::cell::RefCell<std::io::buffered::linewriter::LineWriter<std::io::stdio::StdoutRaw>>>>>::get_or_init<std::io::stdio::cleanup::{closure#0}>::{closure#0}, !>::{closure#0}>::{closure#0}
0 14 4 7 1 0 1 1

fn=(894) <alloc::collections::btree::node::Handle<alloc::collections::btree::node::NodeRef<alloc::collections::btree::node::marker::Mut, usize, std::sys::pal::unix::stack_overflow::thread_info::ThreadInfo, alloc::collections::btree::node::marker::Leaf>, alloc::collections::btree::node::marker::KV>>::remove_leaf_kv::<<alloc::collections::btree::map::entry::OccupiedEntry<usize, std::sys::pal::unix::stack_overflow::thread_info::ThreadInfo>>::remove_kv::{closure#0}, alloc::alloc::Global>
0 25 5 10 2 0 2 2
cob=(2)
cfi=(209)
cfn=(744)
calls=1 255 
0 13 1
0 16 5 6 2 1 1 2
cob=(2)
cfi=(209)
cfn=(744)
calls=1 255 
0 13 1
0 45 22 14 5 0 2 5

fn=(600) 0x0000000000014c20
0 12 1 0 3 0 0 3

fn=(852)
0 5 5 0 1 0 0 1

fn=(864)
0 8 1 7 1 0 0 1
cfn=(852)
calls=1 0 
0 1 1
0 3 1 1
cfn=(854)
calls=1 0 
0 213 29 13 1 0 0 1
0 8 1 5 1 0 0 1
cfn=(852)
calls=1 0 
0 1 1
0 3 1 1
cfn=(854)
calls=1 0 
0 40 7 3
0 314 66 129 20 0 0 20
cfn=(852)
calls=1 0 
0 1 1
0 4 1 1
cfn=(854)
calls=1 0 
0 173 27 11 0 0 1 0 0 1
0 15 1 4 1 0 0 1
cob=(2)
cfi=(209)
cfn=(744)
calls=1 255 
0 16 2 1 0 1 0 0 1
0 14 3 2 1 0 0 1
cob=(2)
cfi=(209)
cfn=(744)
calls=1 255 
0 16 2 1
0 124 62 31
cob=(2)
cfi=(209)
cfn=(744)
calls=31 255 
0 496 62 31
0 312 93 31 1 0 0 1
cob=(2)
cfi=(209)
cfn=(744)
calls=31 255 
0 496 62 31
0 9169 4034 1005 2 0 0 2
cob=(2)
cfi=(209)
cfn=(744)
calls=1000 255 
0 22000 6000 4000 0 0 1005 0 0 1005
0 4045 0 1011 1 0 0 1
cfn=(866)
calls=11 0 
0 2413 421 322 2 0 12 0 0 12
0 479038 66015 1 5 1018 1 5
cfn=(874)
calls=1 0 
0 35 10 4 0 8
0 4 1 1
cfn=(874)
calls=1 0 
0 35 10 4 0 3
0 13 8 0 0 1
cfn=(874)
calls=1 0 
0 135 39 14 5 10 0 4
0 4 0 1 2 0 0 2
cfn=(866)
calls=1 0 
0 196 33 26 9 0 1 7 0 1
0 2 1

fn=(620) std::rt::lang_start_internal
0 42 6 16 3 3 4 3 2 1
cob=(2)
cfi=(177) /usr/src/debug/glibc-2.43-6.fc44.x86_64/io/../sysdeps/unix/sysv/linux/poll.c
cfn=(622) poll
calls=1 27 
0 37 13 7 3 0 1 3
0 37 7 1 4 2 0 4 1
cob=(2)
cfi=(179) /usr/src/debug/glibc-2.43-6.fc44.x86_64/signal/../sysdeps/posix/signal.c
cfn=(628) signal
calls=1 30 
0 131 37 32 12 2 2 12
0 4 1 1 1 0 0 1
cob=(2)
cfi=(184) /usr/src/debug/glibc-2.43-6.fc44.x86_64/posix/../sysdeps/unix/sysv/linux/x86/sysconf.c
cfn=(642) sysconf
calls=1 32 
0 50 10 4 11 1 0 11 1
0 8 2 6 0 0 1
cob=(2)
cfi=(188) /usr/src/debug/glibc-2.43-6.fc44.x86_64/nptl/pthread_self.c
cfn=(650) pthread_self
calls=1 23 
0 3 2 0 1 0 0 1
0 3 1 1 1 0 0 1
cob=(2)
cfi=(189) /usr/src/debug/glibc-2.43-6.fc44.x86_64/nptl/pthread_getattr_np.c
cfn=(652) pthread_getattr_np@@GLIBC_2.32
calls=1 33 
0 80666 17729 10227 364 53 37 364 38 28
0 11 1 3 1 0 0 1
cob=(2)
cfi=(228) /usr/src/debug/glibc-2.43-6.fc44.x86_64/nptl/pthread_attr_getstack.c
cfn=(834) pthread_attr_getstack@@GLIBC_2.34
calls=1 24 
0 9 3 2 1 0 0 1
0 6 2 2
cob=(2)
cfi=(229) /usr/src/debug/glibc-2.43-6.fc44.x86_64/nptl/pthread_attr_destroy.c
cfn=(836) pthread_attr_destroy
calls=1 26 
0 86 26 12 1 0 0 1
0 35 1 12 3 0 0 3
cob=(2)
cfi=(181) /usr/src/debug/glibc-2.43-6.fc44.x86_64/signal/sigaction.c
cfn=(634) sigaction
calls=1 27 
0 70 20 15 1 0 0 1
0 8 2 2
cfn=(838)
calls=1 0 
0 248 48 18 14 7 0 14
0 6 0 2
cfn=(848)
calls=1 0 
0 466 103 71 22 3 3 22 0 3
0 8 1 3 1 0 0 1
cob=(2)
cfi=(181)
cfn=(634)
calls=1 27 
0 70 19 15
0 4 1 1
cob=(2)
cfi=(181)
cfn=(634)
calls=1 27 
0 70 20 15
0 12 3 3 2 0 0 2
cob=(2)
cfi=(181)
cfn=(634)
calls=1 27 
0 70 19 15
0 7 5 3 1 1 0 1
cfn=(860)
calls=1 0 
0 519357 77001 6696 54 1042 1020 48 1 1019
0 5 2 1 0 1
cob=(2)
cfi=(234)
cfn=(858)
calls=1 25 
0 4 3
0 22 8 4 2 2 1 2
cfn=(882) <std::sys::sync::once::futex::Once>::call
calls=1 0 
0 585 147 108 36 22 10 36 1
0 1

fn=(868)
0 168 12 48 2 0 0 2
cfn=(870) __rustc::__rust_realloc
calls=12 0 
0 1973 310 204 8 0 13 4 0 13
0 144 48 36

fn=(876)
0 4 4 0 0 1
cob=(2)
cfi=(157)
cfn=(780)
calls=4 3319 
0 232 65 26 5 21 0 4

fn=(882)
0 21 4 11 2 1 0 2
cfn=(884) <std::sync::once::Once>::call_once::<std::rt::cleanup::{closure#0}>::{closure#0}
calls=1 0 
0 538 133 95 30 20 10 30
0 26 10 2 4 1 0 4 1

fn=(883)
0 37 6 12 1 1 2 1
cfn=(888)
calls=1 0 
0 14 4 7 1 0 1 1
0 12 9 1

fn=(890) std::sys::pal::unix::stack_overflow::imp::drop_handler
0 13 1 7 1 1 1 1
cob=(2)
cfi=(231)
cfn=(842)
calls=1 56 
0 146 27 1 0 7
0 10 2 4 1 2 0 1
cob=(2)
cfi=(230)
cfn=(840)
calls=1 120 
0 6 1
0 5 1 1 0 1
cob=(2)
cfi=(233)
cfn=(892) munmap
calls=1 117 
0 6 1 0 2 0 0 2
0 1 1 1 1 0 0 1
cob=(2)
cfi=(234)
cfn=(858)
calls=1 25 
0 4 3
0 57 7 10 6 4 0 6
cfn=(894)
calls=1 0 
0 112 34 30 9 1 5 9
0 13 4 2 2 0 0 2
cfn=(874)
calls=1 0 
0 35 10 4 0 1
0 20 9 2 1 0 0 1

fn=(884)
0 15 4 5 3 2 0 3
cfn=(890)
calls=1 0 
0 428 101 62 23 17 6 23
0 6 3 1 1 0 0 1
cfn=(886)
calls=1 0 
0 86 24 27 3 1 4 3
0 3 1

fn=(928)
0 5 1 0 2

fn=(598) std::sys::args::unix::imp::ARGV_INIT_ARRAY::init_wrapper
0 4 1 2 2 0 1 2 0 1

fn=(618) main
0 9 1 3 1 1 0 1
cfn=(620)
calls=1 0 
0 602141 95243 17298 539 1139 1079 533 44 1051
0 2 2

fn=(870)
0 12
cfn=(872)
calls=12 0 
0 1961 310 204 8 0 13 4 0 13

ob=(2)
fl=(122)
fn=(404)
29 2 0 0 1 0 0 1
fi=(123) /usr/src/debug/glibc-2.43-6.fc44.x86_64/string/../sysdeps/x86_64/multiarch/ifunc-memcmp.h
+5 12 4
+1 4 2
+2 6 2
+4 8 0 0 1 0 0 1
+3 6
+3 10 2
fe=(122)

fl=(134)
fn=(444)
29 3 0 0 1 0 0 1
fi=(101) /usr/src/debug/glibc-2.43-6.fc44.x86_64/string/../sysdeps/x86_64/multiarch/ifunc-memmove.h
+27 3 3
+1 3 0 0 1 0 0 1
-1 3 3
+1 6
+3 9 3
+14 6 0 0 1 0 0 1
+3 6 0 0 1 0 0 1
+8 6
+8 6
+3 15 3
fe=(134)

fl=(204) /usr/src/debug/glibc-2.43-6.fc44.x86_64/libio/iogetdelim.c
fn=(708) getdelim
41 380 0 228 1 0 0 1
+6 38 38
-6 114 0 114
+6 76
+7 152 76 0 1 0 0 1
+8 225 150
+16 111 74
+1 74
-38 76 0 0 1 0 0 1
+64 41 41
+6 41 41
-7 82
+1 41 41
+6 41 41
-6 82
+4 5 0 1 1 0 0 1
+2 1 0 1
cob=(3)
cfi=(154)
cfn=(734)
calls=1 0 
* 390 77 47 33 2 3 33 1 3
+1 2 1
-1 1
+1 1
+6 2 1 1
+1 2 1 1
+2 2 1
fi=(254) /usr/src/debug/glibc-2.43-6.fc44.x86_64/libio/../string/bits/string_fortified.h
-92 4 0 2
cob=(3)
cfi=(154)
cfn=(742)
calls=1 -29 
* 32 11 8 1 0 1 1 0 1
fe=(204)
+92 40
fi=(254)
-92 160 0 80
cob=(3)
cfi=(154)
cfn=(742)
calls=40 -29 
* 810 238 136 1 0 0 1
fe=(204)
+93 41 0 41
+2 88 41 3
cfi=(196) /usr/src/debug/glibc-2.43-6.fc44.x86_64/libio/genops.c
cfn=(710) __underflow
calls=3 295 
* 354 111 54
* 6
+2 6 6
-3 3
+3 3
-33 12 3 3
cob=(3)
cfi=(154)
cfn=(730)
calls=3 -93 
* 82 12
* 152 38 38 1 0 0 1
cob=(3)
cfi=(154)
cfn=(730)
calls=38 -93 
* 1565 228 0 10 16 0 10 15
* 41
+2 164 0 0 1 0 0 1
+1 164
fi=(210) /usr/src/debug/glibc-2.43-6.fc44.x86_64/libio/libioP.h
991 76 0 0 1 0 0 1
fe=(204)
134 342 266
-86 76 0 0 1 0 0 1
+16 1 1
+1 1
-1 1 0 1
+1 1 0 1
cob=(3)
cfi=(154)
cfn=(662)
calls=1 -65 
* 165 27 11 1 1 1 1 1 1
* 2 1 1 1 0 0 1
+3 2
+10 2 2
-9 1 0 1
+9 1
+1 2
+2 2 0 1
cfi=(196)
cfn=(710)
calls=1 295 
* 374 88 45 27 4 1 27 1 1
* 2
+5 4 2 0 1 0 0 1
+42 114 76 38
fi=(210)
991 76 38 0 1 0 0 1
fe=(204)

fl=(198) /usr/src/debug/glibc-2.43-6.fc44.x86_64/nptl/libc-cleanup.c
fn=(688) __libc_cleanup_push_defer
24 42 0 0 1 0 0 1
+1 42 42
+2 84 42 42
+2 84 42 0 0 1
+3 84
+14 126 0 42
+2 42 0 42
+1 42 42

fn=(690) __libc_cleanup_pop_restore
54 42 0 0 2 0 0 1
+1 42 42
+2 84 42 42
+2 84 42
+1 126 42
+11 42 42 0 2 0 0 1

fl=(133)
fn=(440)
33 1 0 0 1 0 0 1
fi=(119) /usr/src/debug/glibc-2.43-6.fc44.x86_64/string/../sysdeps/x86_64/multiarch/ifunc-strcpy.h
+5 2 2
+1 1 1
-1 2
+1 2
+4 4
+3 3
+3 3
fe=(133)
-16 1 1

fl=(120)
fn=(396)
31 1 0 0 1 0 0 1
fi=(115) /usr/src/debug/glibc-2.43-6.fc44.x86_64/string/../sysdeps/x86_64/multiarch/ifunc-strcasecmp.h
+5 1 1
+1 4 1 0 1 0 0 1
fe=(120)
-6 2 1
fi=(115)
+7 3 1 0 1 0 0 1
+4 4 1
+3 3 1
+3 4
fe=(120)

fl=(202)
fn=(704)
53 1 0 0 1 0 0 1
+2 1
+1 1
+1 1
+1 1
+1 1
+3 1
+1 1 0 0 1 0 0 1
+4 1 1 0 0 1 0 0 1
+1 1
+1 1
+1 1
+1 1
+1 1
+1 1
+1 1
+3 1 1
+8 1
+8 1
+1 2 1

fl=(87)
fn=(320)
29 1
fi=(255) /usr/src/debug/glibc-2.43-6.fc44.x86_64/string/../sysdeps/x86_64/multiarch/ifunc-sse4_2.h
+7 5 2 0 1 0 0 1
fe=(87)
-7 1 1

fl=(97)
fn=(344)
29 1 0 0 1 0 0 1
fi=(86) /usr/src/debug/glibc-2.43-6.fc44.x86_64/string/../sysdeps/x86_64/multiarch/ifunc-avx2.h
+9 2 2
+2 4
+1 2 1 0 1 0 0 1
+1 3 1
+4 4
+3 3
+3 5 1
fe=(97)

fl=(129)
fn=(428)
29 1
fi=(110) /usr/src/debug/glibc-2.43-6.fc44.x86_64/string/../sysdeps/x86_64/multiarch/ifunc-strncpy.h
+6 4 2
+1 3 1 0 1 0 0 1
+4 4
+3 3
+3 5 1
fe=(129)

fl=(187) /usr/src/debug/glibc-2.43-6.fc44.x86_64/misc/../sysdeps/unix/sysv/linux/getpagesize.c
fn=(648) getpagesize
27 2 0 0 1 0 0 1
+1 8 4
+2 2 2

fl=(175) /usr/src/debug/glibc-2.43-6.fc44.x86_64/setjmp/../sysdeps/x86_64/setjmp.S
fn=(614) __sigsetjmp
31 1 0 0 1 0 0 1
+2 1 0 1
+9 1
+1 2 1
+1 1 0 1
+4 1 0 1
+1 1 0 1
+1 1 0 1
+1 1 0 1
+1 1
+2 2 1 0 1 0 0 1
+2 1 0 1
+1 1 1
+1 1
+2 2 1
+2 1 0 1
+5 1 1 0 0 1
+1 1
+17 1 0 0 1 0 0 1
cfi=(176) /usr/src/debug/glibc-2.43-6.fc44.x86_64/setjmp/sigjmp.c
cfn=(616) __sigjmp_save
calls=1 -57 
* 6 1 1

fl=(241)
fn=(920)
45 6 0 3 1
+3 6
-3 24 0 15
+3 9 0 3 1 0 0 1
+3 12 3
+4 21 3
-4 9 3 0 1 0 0 1
+57 12 3 0 0 1
+4 18 3 0 0 1
-4 9 3 0 1 0 0 1
+11 6
+1 6 0 3
cfi=(242) /usr/src/debug/glibc-2.43-6.fc44.x86_64/posix/register-atfork.c
cfn=(922) __unregister_atfork
calls=3 -38 
* 54 12 9 2 1 1 2 1 1
+1 12 3 3
+1 24 21 0 1 0 0 1

fl=(201) /usr/src/debug/glibc-2.43-6.fc44.x86_64/string/../string/strstr.c
fn=(700) __GI_strstr
77 6 0 3 1 0 0 1
+5 1 1 0 0 1 0 0 1
-5 3 1 1 1 0 0 1
+5 3 0 1
+2 4 0 2
cob=(3)
cfi=(154)
cfn=(702)
calls=1 -84 
* 23 4 0 3 2 0 3 1
* 1
+1 2
+1 1 1 0 1 0 0 1
+75 8 6

fl=(140)
fn=(462)
31 1 0 0 1 0 0 1
fi=(115)
+5 1 1
+1 4 1
fe=(140)
-6 2 1
fi=(115)
+7 3 1 0 1 0 0 1
+4 4 1
+3 3 1
+3 4
fe=(140)

fl=(207) /usr/src/debug/glibc-2.43-6.fc44.x86_64/io/../sysdeps/unix/sysv/linux/read_nocancel.c
fn=(728) __read_nocancel
25 4 0 0 1 0 0 1
+1 16
+1 4 4

fl=(224) /usr/src/debug/glibc-2.43-6.fc44.x86_64/io/../sysdeps/unix/sysv/linux/close_nocancel.c
fn=(810) __close_nocancel
25 1 0 0 1 0 0 1
+1 4
+1 1 1

fl=(226) /usr/src/debug/glibc-2.43-6.fc44.x86_64/nptl/pthread_attr_setaffinity.c
fn=(822) pthread_attr_setaffinity_np@@GLIBC_2.32
29 6 0 2
+5 4
+29 2 0 2 1 0 0 1
-18 1 0 1
cfi=(227) /usr/src/debug/glibc-2.43-6.fc44.x86_64/nptl/pthread_attr_extension.c
cfn=(824) __pthread_attr_extension
calls=1 -20 
* 327 55 37 18 0 3 18 0 3
* 1
+1 2 0 0 1 0 0 1
+3 4 4
+2 1 1
-2 3 0 2
+2 1 0 1
cob=(3)
cfi=(154)
cfn=(734)
calls=1 -51 
* 194 38 25
* 1
+1 2
+3 1 1
+1 3 3
-1 1 0 1
+1 1 0 1 1 0 0 1
fi=(191) /usr/src/debug/glibc-2.43-6.fc44.x86_64/nptl/../string/bits/string_fortified.h
-27 4 0 2
cob=(3)
cfi=(154)
cfn=(742)
calls=1 -29 
* 14 4 2
* 1 1
fe=(226)
+34 4 3

fl=(205) /usr/src/debug/glibc-2.43-6.fc44.x86_64/libio/filedoalloc.c
fn=(716) _IO_file_doallocate
68 6 0 3 2 0 0 2
+6 1 1
-6 3 1 1
+6 3 1
fi=(210)
1037 3
+1 2
fe=(205)
74 3 1 1 1 1 0 1
cfi=(197) /usr/src/debug/glibc-2.43-6.fc44.x86_64/libio/fileops.c
cfn=(718) _IO_file_stat
calls=1 1207 
* 9 2 0 2 0 0 2
* 2
+2 4 1
+11 2 1
-14 3
+18 2 0 1 1 0 0 1
cob=(3)
cfi=(154)
cfn=(662)
calls=1 -91 
* 149 25 11 1 1 1 1 1 1
+1 2
+2 5 0 1
cfi=(196)
cfn=(722) _IO_setb
calls=1 355 
* 19 4 4 2 0 0 2
+1 1
+1 8 6

fl=(156) /usr/src/debug/glibc-2.43-6.fc44.x86_64/malloc/arena.c
fn=(518) __ptmalloc_init
251 2 0 1 1 0 0 1
fi=(256) /usr/src/debug/glibc-2.43-6.fc44.x86_64/malloc/../sysdeps/unix/sysv/linux/not-cancel.h
96 3
fe=(156)
251 3 0 1
fi=(256)
96 4 1 1 1 0 0 1
fi=(157)
2960 2
+14 1 0 0 1 0 0 1
+2 2
-1 1 0 1 1 0 0 1
cfi=(158) ???
cfn=(522) __popcountdi2
calls=1 0 
* 21 1 0 2 0 0 2
+1 3
fe=(156)
275 2 1
+13 4 1 1 0 1
fi=(157)
1853 2
+3 2 0 2 1 0 1 1 0 1
-3 3
+3 252 0 252 0 0 32 0 0 31
-3 378
+11 1
fe=(156)
292 3
fi=(157)
1864 1 0 1
fe=(156)
292 1 0 1
cob=(3)
cfi=(154)
cfn=(514)
calls=1 0 
* 19 5 1 0 2 0 0 1
+1 4 0 1 1 0 0 1
cob=(3)
cfi=(154)
cfn=(514)
calls=1 0 
* 20 5 1 0 2 0 0 1
+1 4 0 1
cob=(3)
cfi=(154)
cfn=(514)
calls=1 0 
* 19 5 1 0 1
+1 4 0 1
cob=(3)
cfi=(154)
cfn=(514)
calls=1 0 
* 19 5 1 0 2 0 0 1
+1 4 0 1 1 0 0 1
cob=(3)
cfi=(154)
cfn=(514)
calls=1 0 
* 20 5 1 0 2 0 0 1
+1 4 0 1
cob=(3)
cfi=(154)
cfn=(514)
calls=1 0 
* 19 5 1 0 2 0 0 1
+1 4 0 1
cob=(3)
cfi=(154)
cfn=(514)
calls=1 0 
* 19 5 1 0 2 0 0 1
+2 4 0 1 1 0 0 1
cob=(3)
cfi=(154)
cfn=(514)
calls=1 0 
* 19 5 1 0 2 0 0 2
+1 4 0 1
cob=(3)
cfi=(154)
cfn=(514)
calls=1 0 
* 19 5 1 0 2 0 0 2
+1 4 0 1
cob=(3)
cfi=(154)
cfn=(514)
calls=1 0 
* 19 5 1 0 2 0 0 2
+3 4 0 1
cob=(3)
cfi=(154)
cfn=(514)
calls=1 0 
* 19 5 1 0 2 0 0 2
+2 4 1 0 0 1 0 0 1
+10 6 5
fi=(157)
2974 2 1 0 1 1 0 1 1
fe=(156)

fl=(238)
fn=(904)
71 1 0 0 1 0 0 1
+3 1 1
+2 1
+2 3
-7 3 0 1
+10 1 1 0 0 1
+2 2 0 0 1 0 0 1
+75 1 0 1
+2 1 0 1
+3 1
-59 1
+62 2 2
-76 2 0 0 1 0 0 1
+5 2 1
-51 1 1 0 1 0 0 1
+1 7 2
+1 3 0 1 1 0 0 1
+64 3 1
+1 2 0 1

fl=(149)
fn=(504)
34 9 1 3 2 0 0 2
+2 1 0 1
cfi=(150) /usr/src/debug/glibc-2.43-6.fc44.x86_64/ctype/ctype-info.c
cfn=(506) __ctype_init
calls=1 +1 
* 17 10 3 3 6 0 3
+3 1 1
fi=(152) /usr/src/debug/glibc-2.43-6.fc44.x86_64/elf/../sysdeps/nptl/pthread_early_init.h
-6 2
fe=(149)
+9 1 0 1 0 0 1 0 0 1
-3 1 0 1 0 0 1 0 0 1
+3 1 0 1
fi=(152)
-9 1 0 1
cfi=(151) /usr/src/debug/glibc-2.43-6.fc44.x86_64/resource/../sysdeps/unix/sysv/linux/getrlimit64.c
cfn=(508) getrlimit
calls=1 +5 
* 10 1 0 2 0 0 2
* 2
+1 1 1 0 1 0 0 1
+4 3
-4 2
+11 1 1 0 0 1
fi=(257) /usr/src/debug/glibc-2.43-6.fc44.x86_64/elf/../nptl/nptl-stack.h
+16 2 1 0 0 1
fi=(152)
-16 1 1
fi=(257)
+16 2
fi=(152)
-7 1 0 1 0 0 1 0 0 1
fi=(257)
+7 8 0 0 1 0 0 1
fi=(152)
-9 1
-6 1
+2 2
+4 4 0 1
+1 1 0 1 1 0 1 1 0 1
+3 1 0 1
cfi=(153) /usr/src/debug/glibc-2.43-6.fc44.x86_64/nptl/pthread_mutex_conf.c
cfn=(512) __pthread_tunables_init
calls=1 -1 
* 82 20 8 4 7 0 4 6
fe=(149)
-9 2 0 1
cfi=(155) /usr/src/debug/glibc-2.43-6.fc44.x86_64/stdlib/../sysdeps/unix/sysv/linux/getrandom.c
cfn=(516) __getrandom_early_init
calls=1 238 
* 18 7 2 2 1 0 2
+3 3 2
+1 2 2
-1 1
cfi=(156)
cfn=(518)
calls=1 251 
* 954 66 282 11 24 33 11 16 32

fl=(192) /usr/src/debug/glibc-2.43-6.fc44.x86_64/libio/iofopen.c
fn=(660) __fopen_internal
57 6 0 2 1 0 0 1
+8 1
-8 5 0 3
+8 1 0 1
cob=(3)
cfi=(154)
cfn=(662)
calls=1 -65 
* 388 79 45 45 4 2 45 3 2
+2 4 0 1 1 0 0 1
+3 1
+2 1
-2 1 0 1 0 0 1 0 0 1
+2 6 0 1
cfi=(196)
cfn=(680) _IO_no_init
calls=1 589 
* 58 9 30 5 1 4 5 1 4
+1 1 0 0 1 0 0 1
+1 1
-1 1 0 1
+1 1 0 1
cfi=(197)
cfn=(684) _IO_new_file_init_internal
calls=1 +33 
* 111 32 32 14 0 0 14
+1 5 0 1
cfi=(197)
cfn=(692) _IO_file_fopen@@GLIBC_2.2.5
calls=1 247 
* 238 47 30 22 5 0 22 4
* 2
-38 3 2
+44 7 6 0 1 0 0 1

fn=(658) fopen@@GLIBC_2.2.5
85 1 0 0 1 0 0 1
+1 2
cfn=(660)
calls=1 -29 
* 842 175 149 90 10 7 90 8 7

fl=(102)
fn=(420)
31 1 0 0 1 0 0 1
fi=(99) /usr/src/debug/glibc-2.43-6.fc44.x86_64/wcsmbs/../sysdeps/x86_64/multiarch/ifunc-wcs.h
+8 2 2
+1 4
+1 3 1
+4 3
+3 5 1
fe=(102)

fn=(356)
31 2 0 0 1 0 0 1
fi=(103) /usr/src/debug/glibc-2.43-6.fc44.x86_64/wcsmbs/../sysdeps/x86_64/multiarch/ifunc-avx2.h
+7 4 4
+2 8
+1 4 2 0 1 0 0 1
+1 6 2
+4 8
+3 6
+3 10 2 0 1 0 0 1
fe=(102)

fl=(203) /usr/src/debug/glibc-2.43-6.fc44.x86_64/stdio-common/getline.c
fn=(706) getline
27 38 0 0 1 0 0 1
+1 114
cfi=(204)
cfn=(708)
calls=38 +13 
* 6952 1772 857 84 23 6 84 18 6

fl=(91)
fn=(328)
29 3 0 0 1 0 0 1
fi=(92) /usr/src/debug/glibc-2.43-6.fc44.x86_64/string/../sysdeps/x86_64/multiarch/ifunc-memset.h
+32 15 6
+3 9 3
+16 6
+4 12 0 0 1 0 0 1
+8 6
fe=(91)
-63 3 3 0 1 0 0 1
fi=(92)
+71 6 0 0 1 0 0 1
-48 3
+1 6
fe=(91)

fl=(93)
fn=(332)
29 1 0 0 1 0 0 1
fi=(90) /usr/src/debug/glibc-2.43-6.fc44.x86_64/wcsmbs/../sysdeps/x86_64/multiarch/ifunc-wcslen.h
+11 1 1
+1 4 1
+1 3 1 0 1 0 0 1
+4 4 1
+3 3 1
+3 3
fe=(93)
-23 1 1

fl=(235) /usr/src/debug/glibc-2.43-6.fc44.x86_64/stdlib/exit.c
fn=(898) __run_exit_handlers
45 12 0 7 1 0 0 1
+2 9 2 3 1 1 0 1
+3 2
+3 7 0 1 0 0 1
+11 1 1 0 1 1 0 1
+2 2
+8 3 1
+2 1
+1 1 1
-1 1 0 1
+3 7 1 0 1 0 0 1
+44 3 1 0 1 0 0 1
-49 3 1
+55 2 1 1
+1 2
+6 1 0 0 1 0 0 1
-66 1 0 1
+66 3 1 1
+2 2 1
+3 2 0 1
cfi=(248) /usr/src/debug/glibc-2.43-6.fc44.x86_64/posix/../sysdeps/unix/sysv/linux/_exit.c
cfn=(992) _Exit
calls=1 27 
* 5 1 0 1 0 0 1
-29 1 1 0 1 0 0 1
+1 1 1 0 0 1
-2 1 0 1
+3 1
+3 1
-3 2 1
+3 3 1 1
+1 3 0 1
cob=(1)
cfi=(237)
cfn=(902)
calls=1 -92 
* 1934 549 329 112 87 26 52 3 4
+1 4 0 1 1 0 0 1
-68 1 0 1 1 0 1 1
cfi=(236) /usr/src/debug/glibc-2.43-6.fc44.x86_64/stdlib/cxa_thread_atexit_impl.c
cfn=(900) __call_tls_dtors
calls=1 +97 
* 13 6 3 3 1 0 3
* 1
+88 1 0 1
cfi=(196)
cfn=(988) _IO_cleanup
calls=1 882 
* 390 138 74 25 15 0 23 4
* 1

fn=(896) exit
147 2 0 1 1 0 0 1
+1 3 0 0 1 0 0 1
-1 1
+1 1 0 1
cfn=(898)
calls=1 45 
* 2428 709 428 150 106 28 88 7 4

fl=(98)
fn=(348)
31 1 0 0 1 0 0 1
fi=(99)
+8 2 2
+1 4
+1 3 1
+4 3
+3 5 1
fe=(98)

fl=(105)
fn=(362)
29 1 0 0 1 0 0 1
fi=(106) /usr/src/debug/glibc-2.43-6.fc44.x86_64/debug/../sysdeps/x86_64/multiarch/ifunc-memset.h
+32 5 2
+3 3 1
+16 2
+4 4
+8 2 0 0 1 0 0 1
fe=(105)
-63 1 1 0 1 0 0 1
fi=(106)
+71 2 0 0 1 0 0 1
-48 1
+1 2
fe=(105)

fl=(85)
fn=(316)
31 2 0 0 1 0 0 1
fi=(86)
+7 4 4 0 1 1 0 1
+2 8
+1 4 2 0 0 1
+1 6 2
+4 8
+3 6 0 0 1 0 0 1
+3 10 2
fe=(85)

fl=(234)
fn=(858)
25 3 0 0 1 0 0 1
+1 6 6
+1 3 3

fl=(114)
fn=(384)
31 1 0 0 1 0 0 1
fi=(115)
+5 1 1
+1 4 1
fe=(114)
-6 2 1
fi=(115)
+7 3 1 0 1 0 0 1
+4 4 1 0 1 0 0 1
+3 3 1
+3 4
fe=(114)

fl=(181)
fn=(634)
27 20 0 5 1 0 0 1
+1 25 5 5 1 0 0 1
fi=(180) /usr/src/debug/glibc-2.43-6.fc44.x86_64/signal/../sysdeps/unix/sysv/linux/internal-signals.h
+25 5
fe=(181)
-25 10
+8 10
+3 15 10
+6 5 5
-6 5
cfi=(182) /usr/src/debug/glibc-2.43-6.fc44.x86_64/signal/../sysdeps/unix/sysv/linux/libc_sigaction.c
cfn=(638) __libc_sigaction
calls=5 +4 
* 279 88 76 7 1 1 7

fl=(193) /usr/src/debug/glibc-2.43-6.fc44.x86_64/malloc/morecore.c
fn=(672) __glibc_morecore
25 2 0 0 1 0 0 1
+1 4 2
-1 4 0 2
+4 2 0 2
cfi=(194) /usr/src/debug/glibc-2.43-6.fc44.x86_64/misc/sbrk.c
cfn=(674) sbrk
calls=2 +8 
* 69 18 8 5 2 0 5 1
-2 2
+7 2 2
-7 4
+7 2 2

fl=(96)
fn=(340)
29 1 0 0 1 0 0 1
fi=(95) /usr/src/debug/glibc-2.43-6.fc44.x86_64/debug/../sysdeps/x86_64/multiarch/ifunc-memmove.h
+27 1 1
+1 1
-1 1 1
+1 2
+3 3 1
+14 2 0 0 1 0 0 1
+3 2 0 0 1 0 0 1
+8 2
+8 2
+3 5 1 0 1 0 0 1
fe=(96)

fl=(214)
fn=(764)
52 38 0 0 1 0 0 1
+13 38
+1 38
+1 38
+3 38
+2 38
+1 38
+3 38 38
+1 38
+8 38
+1 38
+32 15
+13 15
+1 15
+1 15
+6 30 15
+4 4
+13 4
+1 4
+1 4
+6 8 4
+4 14
+13 14
+1 14
+1 14
+6 28 14
+4 5 0 0 1 0 0 1
+13 5
+1 5
+1 5
+6 10 5
+7 38 0 0 1 0 0 1
+15 38 38
+6 38
+1 38
+1 38
+2 23 23
+1 23
+1 23
+1 23
+2 19 19
+1 19
+1 19
+1 19
+2 5 5
+1 5
+1 5
+1 5

fl=(233)
fn=(846)
117 5 0 0 1 0 0 1
+5 1 1

fn=(850)
91 3 0 0 1 0 0 1
+2 1 1

fn=(892)
117 5 0 0 2 0 0 2
+5 1 1

fl=(150)
fn=(506)
37 1 0 0 1 0 0 1
+2 7 5 1 1 4 0 1
+2 4 2 1 0 1
+2 1 1
-1 1 1 0 0 1
+1 1
-1 1 0 1 1 0 0 1
+2 1 1

fl=(179)
fn=(632) __bsd_signal.part.0
29 1 0 1 1 0 0 1
fi=(258) /usr/src/debug/glibc-2.43-6.fc44.x86_64/signal/../sysdeps/unix/sysv/linux/sigsetops.h
+73 1
fe=(179)
-73 5 1 1
fi=(258)
+73 1 0 0 1 0 0 1
fe=(179)
-61 1 0 1
+4 1
fi=(258)
+57 1
fe=(179)
-58 1 1 0 0 1
+1 1
fi=(258)
+59 1 0 1
fe=(179)
-60 4 0 1 0 0 1
+1 1 0 1
cfi=(181)
cfn=(634)
calls=1 -18 
* 94 30 26 8 1 1 8
+3 3 1
+1 5 4

fn=(628)
30 1 0 0 1 0 0 1
+4 5 0 0 1 0 0 1
fi=(180)
+19 1
fe=(179)
-18 2
+6 1
cfn=(632)
calls=1 -12 
* 121 37 32 10 2 2 10

fl=(228)
fn=(834)
24 1 0 0 1 0 0 1
+7 1 1
-7 1
+7 3 1 1
+7 1
-3 1 0 1
+3 1 1

fl=(182)
fn=(638)
43 40 5 10 1 0 0 1
+5 10
fi=(183) /usr/src/debug/glibc-2.43-6.fc44.x86_64/signal/../string/bits/string_fortified.h
-19 3 3
fe=(182)
+21 3 3
+8 3
fi=(183)
-29 6 3 3 1 0 0 1
fe=(182)
+21 3 0 3
+3 3 3
fi=(183)
-24 6 3 3
fe=(182)
+24 3
+5 3
fi=(183)
-29 6 3 3 0 1
fe=(182)
+29 3
-5 6 0 3 1 0 0 1
fi=(183)
-24 6 3 3
fe=(182)
+24 3 0 3
fi=(183)
-24 18 9 9
fe=(182)
+29 3 0 0 1 0 0 1
fi=(183)
-29 3 0 3
fe=(182)
+29 30
+5 16
fi=(183)
-34 3 3
fe=(182)
+36 3 3
fi=(183)
-36 6 3 3 1 0 0 1
fe=(182)
+36 3 0 3
+2 3 3
fi=(183)
-38 6 3 3 0 0 1
fe=(182)
+38 3 0 3
+1 3 3
fi=(183)
-39 6 3 3
fe=(182)
+39 3 0 3
fi=(183)
-39 27 12 15 1 0 0 1
fe=(182)
+42 30 20
-13 6 0 0 1 0 0 1

fl=(222) /usr/src/debug/glibc-2.43-6.fc44.x86_64/libio/iofclose.c
fn=(792) fclose@@GLIBC_2.2.5
34 8 0 4 1 0 0 1
+14 3 1
+9 1 1 0 1 0 0 1
fi=(210)
1037 3
+1 2
fe=(222)
57 3 1 1
cfi=(197)
cfn=(814) _IO_file_finish@@GLIBC_2.2.5
calls=1 202 
* 25 8 2 4 0 0 4
+1 3 1 0 1 0 0 1
fi=(210)
963 4 2 0 1 0 0 1
+1 4 1
+6 2 0 1
cob=(3)
cfi=(154)
cfn=(778)
calls=1 0 
* 35 10 4
fe=(222)
76 7 5
-27 1 0 1 1 0 0 1
cfi=(196)
cfn=(794) _IO_un_link
calls=1 +18 
* 84 26 20 11 0 0 11
+2 3 1
fi=(210)
991 2 0 0 2 0 0 2
+1 10 4 2
fe=(222)
71 2 1 0 1 0 0 1
-19 2 0 0 1 0 0 1
+1 2 0 1
cfi=(197)
cfn=(798) _IO_file_close_it@@GLIBC_2.2.5
calls=1 +76 
* 248 66 35 23 0 0 23
* 1
fi=(210)
991 3 1
fe=(222)

fl=(104)
fn=(360)
65 1 0 0 1 0 0 1
-23 2 2
+2 1 1
-1 4
+1 2 0 0 1 0 0 1
+4 4
+3 3
+3 3
+11 1 1

fl=(173) /usr/src/debug/glibc-2.43-6.fc44.x86_64/csu/../sysdeps/nptl/libc_start_call_main.h
fn=(610) (below main)
30 6 0 4 1 0 0 1
+15 4 1 2
cfi=(174) /usr/src/debug/glibc-2.43-6.fc44.x86_64/setjmp/../sysdeps/x86_64/bsd-_setjmp.S
cfn=(612) _setjmp
calls=1 -17 
* 31 6 9 4 1 0 4
* 1
+2 2
+5 2 1 1 1 1 0 1
+1 2 1 1 0 1
+3 2 0 1
+3 5 5 1 1 0 0 1
cob=(6)
cfi=(170)
cfn=(618)
calls=1 -59 
* 602152 95246 17301 540 1140 1079 534 44 1051
+24 2 0 1
cfi=(235)
cfn=(896)
calls=1 +64 
* 2435 709 430 152 106 28 90 7 4

fl=(197)
fn=(726) _IO_file_read
1191 4 0 0 1 0 0 1
+3 4 4
-1 4 4
+1 4
-1 4
cfi=(207)
cfn=(728)
calls=4 25 
* 24 4 0 1 0 0 1

fn=(696) _IO_file_open
216 11 0 3 1 0 0 1
+2 1 1
+1 2
-1 1
+5 2
+3 2 1 0 1 0 0 1
+3 1
-4 1 0 1
+1 3
+3 1
-3 1 0 1
+3 1
+10 2 0 1 1 0 0 1
cfi=(196)
cfn=(686) _IO_link_in
calls=1 109 
* 14 6 2
+2 1
-1 1
+1 4 4
-22 1 0 1
cfi=(200) /usr/src/debug/glibc-2.43-6.fc44.x86_64/io/../sysdeps/unix/sysv/linux/open64_nocancel.c
cfn=(698) __open_nocancel
calls=1 28 
* 27 5 3 3 0 0 3
* 2

fn=(798)
129 5 0 2 1 0 0 1
+2 5 1 1 1 0 0 1
+3 4 1 1
+1 2
+2 2
+14 2
+1 3 1
+5 1 1 0 1 0 0 1
fi=(210)
1037 3
+1 2
fe=(197)
157 5 1 1 1 0 0 1
cfn=(800) _IO_file_seekoff@@GLIBC_2.2.5
calls=1 954 
* 61 19 6 10 0 0 10
* 1
+1 2
+7 2 1
+2 1 1
fi=(210)
1037 2
+1 2
fe=(197)
167 3 1 1 1 0 0 1
cfn=(802) _IO_file_seek
calls=1 1200 
* 9 2
+2 2
-39 1
+43 1
+2 1
-2 1 0 1
cfi=(196)
cfn=(806) _IO_unsave_markers
calls=1 977 
* 6 3 0 2 0 0 2
+3 3 2
fi=(210)
1037 3
+1 2 0 0 1 0 0 1
fe=(197)
176 2 1 1
cfn=(808) _IO_file_close
calls=1 1225 
* 9 2 0 2 0 0 2
* 1
+3 3 1
+8 5 0 1 1 0 0 1
cfi=(196)
cfn=(722)
calls=1 355 
* 67 19 13
+1 1
+3 1
-3 3 0 3
+3 1 0 1
cfi=(196)
cfn=(794)
calls=1 67 
* 4 2
+5 1
-4 1 0 1 1 0 0 1
+1 1 0 1
+3 2 1
-2 1 0 1
+2 1 1
+1 4 3
-45 3 2 0 1 0 0 1

fn=(692)
247 10 1 4 2 0 0 2
+9 2 1
+2 4 1 0 0 1 0 0 1
+21 1 0 0 1 0 0 1
-1 1
+3 33 5 0 1 1 0 1 1
391 8 6
279 4 0 0 1 0 0 1
+36 6 0 1
cfn=(696)
calls=1 -99 
* 79 17 12 6 0 0 6
* 1
+3 2
+3 3 0 1 1 0 0 1
cfi=(201)
cfn=(700)
calls=1 77 
* 52 13 7 6 3 0 6 2
+1 2
-16 1 1 0 1 0 0 1
-1 1
+1 6 0 2
+1 1
-5 7 1 2 1 0 0 1
+1 1
-22 8 1 0 1 0 0 1
fi=(199) /usr/src/debug/glibc-2.43-6.fc44.x86_64/libio/../iconv/gconv_charset.h
75 1 0 1 1 0 0 1
fe=(197)
262 1
-1 1
-13 2

fn=(684)
107 6 0 2 1 0 0 1
+5 1 0 1
-1 1 0 1
+3 1 0 1
cfi=(196)
cfn=(686)
calls=1 -5 
* 98 29 26 12 0 0 12
+1 1 0 1
+1 3 3 0 1 0 0 1

fn=(814)
202 1 0 0 1 0 0 1
+1 2 1
+6 2 0 0 1 0 0 1
cfi=(196)
cfn=(816) _IO_default_finish
calls=1 628 
* 20 7 2 2 0 0 2

fn=(718)
1207 1 0 0 1 0 0 1
+1 2 1
cfi=(206) /usr/src/debug/glibc-2.43-6.fc44.x86_64/io/../sysdeps/unix/sysv/linux/fstat64.c
cfn=(720) fstat
calls=1 30 
* 6 1 0 1 0 0 1

fn=(712) _IO_file_underflow@@GLIBC_2.2.5
496 4 0 0 1 0 0 1
+4 12 4
+3 8
+6 12 8 0 1 0 0 1
-13 28 0 16
+16 8 4
+12 6
+9 4 0 0 1 0 0 1
+7 8 0 4 1 0 0 1
cfi=(196)
cfn=(724) _IO_switch_to_get_mode
calls=4 190 
* 88 28 24 3 0 0 3
+6 4 4
+5 8 4
fi=(210)
1037 12
fe=(197)
546 12 0 12
fi=(210)
1038 8
fe=(197)
551 16 8 4 1 0 0 1
cfn=(726)
calls=4 1191 
* 44 12 0 2 0 0 2
+2 8
+16 4 4
-9 4 0 4
+9 8
+2 8 8
+1 24 20
-57 3 1 0 1 0 0 1
+5 2 0 1
cfi=(196)
cfn=(714) _IO_doallocbuf
calls=1 369 
* 250 49 25 12 3 1 12 1 1
+4 4 1 0 1 0 0 1

fn=(808)
1225 1 0 0 1 0 0 1
+3 2 1
cfi=(224)
cfn=(810)
calls=1 25 
* 6 1 0 1 0 0 1

fn=(800)
954 9 1 4 1 0 0 1
+8 2
1108 7 6 0 1 0 0 1
890 2 1 0 1 0 0 1
+4 1 1
-2 2 2 0 1 0 0 1
+2 1
+5 2
+32 2 0 0 1 0 0 1
+10 1
+2 2 0 0 1 0 0 1
-20 1 1 0 1 0 0 1
-14 2
+1 2 2
+13 3 0 1
+3 1 1
fi=(210)
1037 3
+1 2 0 0 1 0 0 1
fe=(197)
926 4 1 1
cfn=(802)
calls=1 1200 
* 9 2 0 2 0 0 2
+2 3 1

fn=(802)
1200 2
+1 4 2
cfi=(223) /usr/src/debug/glibc-2.43-6.fc44.x86_64/io/../sysdeps/unix/sysv/linux/lseek64.c
cfn=(804) lseek
calls=2 28 
* 12 2 0 2 0 0 2

fl=(223)
fn=(804)
28 2 0 0 1 0 0 1
+12 8 0 0 1 0 0 1
+2 2 2

fl=(117)
fn=(390)
60 1 0 0 1 0 0 1
-18 2 2
+1 4
+1 3 1 0 1 0 0 1
+3 3
+3 3
+10 1 1 0 1 0 0 1

fl=(157)
fn=(750) _int_free_create_chunk
4458 6 3 0 1 0 0 1
-1 10 0 2
+7 4 2
+4 2 0 2 1 0 0 1
+4 4
+34 2
-5 2 0 2
+5 2
-4 2 0 2
+1 2 0 2
+1 2 0 2
+2 2 0 2 1 0 0 1
+1 2 0 2
+15 4 4
-31 4 0 0 1 0 0 1
+1 6
+1 2 2
+2 4 2
+3 12 0 2
+17 1 0 0 1 0 0 1
+1 3 0 1
+1 1 0 1
+5 1 1

fn=(780)
3319 10 0 0 1 0 0 1
+3 20
+15 20 0 0 1 0 0 1
-4 30 10 0 0 3
+8 30 10 0 0 1
+6 27 18 0 0 1
+6 9 9 0 0 1
-3 18
+3 9 9 0 1 1 0 1
-3 9
+1 18
+2 27 9 0 0 3 0 0 1
3007 8
+8 8
-12 8 0 8
+4 32 8 16 0 3
+8 8 0 8
3354 8 8
+10 3 0 0 1 0 0 1
-34 1 0 0 1
+40 2
fi=(156)
151 3
fe=(157)
3374 3 0 0 1 0 0 1
cfn=(746) _int_free_chunk
calls=1 4351 
* 113 36 14 3 9 0 3
-9 1 0 0 1 0 0 1
cfn=(782) tcache_free_init
calls=1 -53 
* 287 41 57 9 0 12 9 0 12

fn=(781) free'2
3319 1
+3 2
+15 2
-4 3 1
+8 3 1
+6 3 2
+6 1 1
-3 2
+3 1 1
-3 1
+1 2
+2 3 1
3007 1
+8 1
-12 1 0 1
+4 4 1 2
+8 1 0 1
3354 1 1

fn=(830) __libc_calloc2
3645 8 0 5
+7 2 1
+10 1 1
+1 3 1 0 1 0 0 1
+21 3 0 1
cfn=(668) _int_malloc
calls=1 3822 
* 198 32 19 7 0 1 7 0 1
+2 6 1
+40 1 1 0 1 0 0 1
-12 1
+12 2
+3 5 0 0 1 0 0 1
+4 1
fi=(259) /usr/src/debug/glibc-2.43-6.fc44.x86_64/malloc/../sysdeps/generic/calloc-clear-memory.h
25 2
+2 2
fe=(157)
3686 1 0 0 1 0 0 1
fi=(156)
151 2
fe=(157)
3686 3 0 0 1 0 0 1
+3 3 1
+46 1 0 0 1 0 0 1
fi=(220) /usr/src/debug/glibc-2.43-6.fc44.x86_64/malloc/../string/bits/string_fortified.h
59 2
fe=(157)
3735 5 5
fi=(220)
59 1
cob=(3)
cfi=(154)
cfn=(788)
calls=1 -59 
* 28 3 8 0 0 2 0 0 2
fe=(157)

fn=(666) __libc_malloc2
3247 30 0 10 1 0 0 1
+4 10 10
-4 20 0 10
+4 10
+28 30 30 0 1 0 0 1
-26 30 0 10 1 0 0 1
cfn=(668)
calls=10 3822 
* 1515 256 156 52 2 7 52 1 7
+1 50 10
fi=(156)
151 20
fe=(157)

fn=(668)
3822 26 0 0 1 0 0 1
-32 39 0 13
1288 13
3790 52 0 26
1288 37 0 0 1 0 0 1
3831 22
+16 22
+54 4
+18 13 0 0 1 0 0 1
+11 26
-12 13
+1 26
-1 39 13 13
+12 41 13 2 1 0 0 1
-1 2
-5 6 0 4
-2 2 0 2
+11 4 2
+3 4
+1 6 2
-3 2
+5 6 2 0 1 0 0 1
+1 4
+2 8 2
-10 2 2
+12 4 2
+1 4 2
+2 4 0 0 1 0 0 1
+11 8
4086 2 0 0 1 0 0 1
+9 1
-9 1
+10 1 1 0 1 0 0 1
-10 2 0 1
+1 1 0 1
+1 1 0 1
+1 1 0 1
+1 1 0 1
+6 2
3053 1 1 0 1 0 0 1
-27 1
+27 1 1
-27 1 1
+4 2
+4 1
4113 2 2
3034 2 1
4113 2 1 1
3038 1 0 1
+1 1 0 1
4113 1
3831 8 0 2
1288 2
3850 2
+2 2 2
-2 2
+2 4
-2 10 0 0 1 0 0 1
+2 10 10
-2 10
+2 20
4340 52 52
3901 3 0 1
-52 80 0 10 2 0 0 2
4105 3
3930 6 2
4111 9 5
+13 1 1
-2 2
+2 11 11 0 1 0 0 1
-2 33
+73 11 11
+1 22
-1 11
+2 22
+1 22 11
+1 33
+5 33 0 0 1 0 0 1
-9 1 1
+1 2
-1 1
+2 2
+1 2 1
+1 3
+5 19
+16 9
+2 18
-4 26
+8 4 4
+3 8
+2 2
+1 2
+1 2
-2 8 0 2 1 0 0 1
-27 2
3994 2 0 1 1 0 0 1
+1 3
2919 1 1
3998 3 1
+4 2 1 0 1 0 0 1
+1 4 2
3003 1 1
3981 1
3015 1
4006 1 0 1
3003 1 0 1
+4 5 1 2 1 0 0 1
+8 1 0 1
4007 1
-48 4 2 0 1 0 0 1
+2 2
-1 4 0 0 1 0 0 1
+27 2 0 2
+1 2 0 2
+4 4
+31 2
+2 2 0 0 1 0 0 1
+1 2
+1 1 1
-1 1
+1 1
3876 40 0 0 1 0 0 1
4211 130 26
-3 108
4308 10 10
+1 20 10 0 1 0 0 1
+2 20 10
+3 30
+5 9
-2 9
+2 9
-1 9 0 9
+1 9
-3 9
+8 9
-5 9 0 0 1 0 0 1
+2 9
-2 18
1888 9 9
4319 18 0 9
+2 9 0 9 0 0 8 0 0 8
1888 18
4124 3 0 0 1 0 0 1
+3 1 1
-3 1
+3 2
1888 2 2 0 1 0 0 1
4286 2
1888 4
4334 3 0 2 1 0 0 1
cfn=(670) sysmalloc
calls=1 2304 
* 232 52 35 27 2 2 27 1 2
+1 2
1888 3 1
4238 4 2 0 1 0 0 1
+3 4
+2 2
+3 4 0 2
-3 10 0 8
+3 2 0 2
cfn=(818) unlink_chunk.isra.0
calls=2 1592 
* 38 16 6 2 0 0 2
+3 16 10 0 1 0 0 1
+15 2 2
+1 4 2
-6 2
+8 2 0 2
+1 2 0 2
+1 2 0 2
+1 2 0 2
+3 4
+1 2 0 2
+1 4 0 0 1 0 0 1
+5 16 0 2
+2 6 0 2
+1 4 0 2

fn=(736)
3380 30 0 0 1 0 0 1
+7 30
-7 52 0 13
+11 26
4837 26 13 13
+1 13
-1 13 0 0 1 0 0 1
+1 13
-1 26
+2 39 13
3425 26 0 13
-22 13
+22 65
+4 26 0 0 1 0 0 1
1288 78
3436 26
fi=(156)
151 39
fe=(157)
3469 26 13 0 1 0 0 1
+14 26 26 0 1 0 0 1
+18 39 26
4840 13 0 0 1 0 0 1
3411 26
+60 52 0 13 1 0 0 1
cfn=(740) _int_realloc
calls=13 4559 
* 1227 210 139 30 2 16 26 1 16
* 13
+1 65 13
fi=(156)
151 39
fe=(157)
3472 26 0 0 1 0 0 1
-84 4 0 0 1 0 0 1
cfn=(664)
calls=2 3283 
* 387 74 50 6 0 0 6

fn=(746)
4351 12 0 6 1 0 0 1
+8 3 3 0 0 1
-3 3 3
+3 3 3
-3 6
+6 6 3 0 1 1 0 1
+6 3 0 3
cfn=(748) _int_free_merge_chunk
calls=3 +39 
* 284 72 42 17 7 0 15
+5 6 3 3
+27 9 9

fn=(880) systrim.constprop.0
2743 3 2 0 1 0 0 1
+2 1
+1 2
+4 1 1
+1 1
-1 2
+3 4 2 0 0 2
+2 2
-8 1
+48 1 1

fn=(748)
4407 18 0 12 2 0 0 1
+7 15 3 0 0 1
-6 3
+9 9 3 0 2 0 0 1
+5 9 3
+4 6
-1 3
+1 6 3 0 0 1
1895 9 3
4433 6 3
+11 12 0 3 1 0 0 1
cfn=(750)
calls=3 +14 
* 80 14 20 5 0 0 5
+2 3
-1 3
+1 3 3
-1 3
+1 9 9
-1 3
cfn=(752) _int_free_maybe_trim
calls=3 +83 
* 69 25 7 5 4 0 5
-28 15 3 0 2 1 0 2

fn=(782)
3312 1 0 1 1 0 0 1
2941 1
3312 4 0 1
2941 2 1 1
3210 2 1
+4 2 0 1
cfn=(784) tcache_init.part.0
calls=1 -8 
* 238 28 49 8 0 12 8 0 12
3314 1
+1 2 2
-1 1
cfn=(781)
calls=1 +5 
* 33 9 4

fn=(752)
4528 18 3 6 1 1 0 1
+3 6
+2 5 0 1
+17 10 8 0 2 0 0 2
-14 5 3 0 0 1
+1 5 4 0 1 0 0 1
+13 1 1
-13 1
cfn=(880)
calls=1 2743 
* 18 6 0 1 2 0 1

fn=(828)
3739 1 0 0 1 0 0 1
+3 4
1269 2
+19 1
3751 1 1 0 1 0 0 1
1288 3
3751 2
+2 3
+2 2
+25 2
cfn=(830)
calls=1 3645 
* 281 46 33 13 0 3 13 0 3
-23 6 3 0 2 0 0 2

fn=(818)
1592 2 0 2 1 0 0 1
+2 6 2
-2 2
+2 4 2
+3 2 2
+3 4 2
-2 2 2
+2 4 2
+3 2 0 2 1 0 0 1
+1 2 0 2
+1 4
+24 4 4

fn=(664)
3283 10 0 0 1 0 0 1
1269 20
+19 10
3287 10 10 0 0 1 0 0 1
1288 28
3287 16 0 0 1 0 0 1
+2 24
+2 16
+2 60 30 0 0 3 0 0 3
3030 2
+4 4 1 1
+4 1 0 1
+1 1 0 1
3294 1 1
-7 4
+19 9 0 0 1 0 0 1
cfn=(666)
calls=9 -59 
* 1582 285 175 55 2 6 55 1 6
-17 4

fn=(784)
3206 2 0 1 1 0 0 1
+8 2
+2 2 1 1 1 0 0 1
+4 2
fi=(220)
59 4 0 1
cob=(3)
cfi=(154)
cfn=(788)
calls=1 -59 
* 59 3 24 4 0 11 4 0 11
fe=(157)
3229 1 1
fi=(220)
59 1
fe=(157)
3228 7
+1 4 0 3
-1 2
+1 8 0 6
-1 4
+1 1 0 1
+2 2 2
-13 2 0 1 1 0 0 1
cfn=(666)
calls=1 +29 
* 133 21 11 0 0 1 0 0 1
* 2 0 0 1 0 0 1

fn=(670)
2304 3 0 1 1 0 0 1
+20 1 1
-20 5 0 3 1 0 0 1
+20 1 1
+11 2
+1 4 1 2
-11 1 0 1
+35 1 1
+11 1
-10 3 1
+1 1
+9 4 0 0 1 0 0 1
+9 3 0 0 1 0 0 1
2698 3 2 0 1 0 0 1
+1 1 0 1
+5 2 1
+3 2 1
+5 1 0 0 1 0 0 1
-2 1
+5 2 2
-3 1
-1 1 0 1
+1 2
-3 1
+3 1
+1 1
-1 3 0 1
+1 1 0 1 0 0 1 0 0 1
+2 1
+6 5 5 0 1 0 0 1
2441 2 1 0 1 0 0 1
+9 4 1
+10 2 1 0 1 0 0 1
+7 5
+8 2
2653 1 0 0 1 0 0 1
-1 1 0 1
+1 3 0 1 0 0 1 0 0 1
+1 1 0 1
+11 2
+38 3 0 1 1 0 0 1
2477 4 0 3 1 0 0 1
cfi=(193)
cfn=(672)
calls=1 25 
* 64 16 9 6 2 0 6 1
+1 3 2
-1 1
+1 1
1912 2 1
2480 1 0 0 1 0 0 1
+3 2
+38 2 1
+2 3 1 1
+6 2
-7 2 0 1 1 0 0 1
+10 4 0 0 2 0 0 2
+40 3 0 0 1 0 0 1
+22 2
+1 4 0 0 1 0 0 1
+2 2
+1 3 0 2
cfi=(193)
cfn=(672)
calls=1 25 
* 27 8 3
+12 2 1
-12 1
+12 1
1912 2 1
2559 2 1 0 1 0 0 1
+1 1 0 1
+12 2
+41 1 1 0 1 0 0 1
-84 3 0 0 1 0 0 1

fn=(740)
4559 52 0 26 1 0 0 1
+11 156 26 0 1 0 0 1
+8 26
+2 13
+1 39 13
+1 52 0 0 2 0 0 1
+4 26
+89 52 39
-79 26 13 0 2 0 0 1
+12 4 2
+12 14 0 10 1 0 0 1
cfn=(668)
calls=2 3822 
* 242 34 16 0 0 2 0 0 2
* 2
+1 4
+3 2
+6 6 4
+8 2 2 0 1 0 0 1
fi=(220)
29 2
fe=(157)
4637 2
fi=(220)
29 4 0 4
fe=(157)
4638 4
fi=(220)
29 2 0 2
cob=(3)
cfi=(154)
cfn=(742)
calls=2 -29 
* 37 11 6 3 2 3 3 1 3
fe=(157)
4642 12 4 2 1 0 0 1
cfn=(746)
calls=2 4351 
* 222 60 40 16 0 0 14
+2 4 2
-47 11
+1 11
-2 22 0 0 1 0 0 1
+4 44
+2 11
-2 11
+2 11
-2 44 0 11
+1 22 0 11
+1 11 0 11 0 0 11 0 0 11
+2 22 0 0 1 0 0 1

fl=(130)
fn=(432)
29 1 0 0 1 0 0 1
fi=(131) /usr/src/debug/glibc-2.43-6.fc44.x86_64/wcsmbs/../sysdeps/x86_64/multiarch/ifunc-memcmp.h
+5 6 2
+1 2 1 0 1 0 0 1
+2 3 1
+4 4
+3 3
+3 5 1 0 1 0 0 1
fe=(130)

fl=(163)
fn=(560)
53 1 0 0 1 0 0 1
+1 1
+1 1
+2 1
+1 1 0 0 1 0 0 1
+4 1
+1 1
+1 1
+3 1 1 0 0 1 0 0 1
+2 1
+1 1
+1 1
+1 1
+25 1 0 0 1 0 0 1
+1 1
+1 1
+1 1
+1 1
+26 1
+1 1
+4 2 1
+24 1 0 0 1 0 0 1
+3 1
+1 1 1
+1 1
+1 1 0 0 1 0 0 1
+1 1
+1 1

fl=(229)
fn=(836)
26 1 0 0 1 0 0 1
+10 3 1
-10 4 0 2
+12 2 1 1
cob=(3)
cfi=(154)
cfn=(778)
calls=1 -38 
* 35 10 4
+1 3 2 1
cob=(3)
cfi=(154)
cfn=(778)
calls=1 -39 
* 35 10 4
+5 3 2

fl=(230)
fn=(840)
120 15 0 0 2 0 0 2
+2 3 3

fl=(189)
fn=(652)
33 6 0 2 2 0 0 2
+4 1
-4 4 1 2
+4 1 0 1
cfi=(190) /usr/src/debug/glibc-2.43-6.fc44.x86_64/nptl/pthread_attr_init.c
cfn=(654) pthread_attr_init@@GLIBC_2.2.5
calls=1 -5 
* 24 6 8 2 0 0 2
* 1
+1 2
+5 9 0 4 1 0 1 1
fi=(191)
-14 2 1 1
fe=(189)
+20 2 1 1
+3 2 1 1
+3 2 1 0 1 0 0 1
+4 2 1 1 0 1
+3 3 1
173 1 0 1 1 0 0 1
+1 1
-1 3
+5 1
+2 4 0 1
cob=(3)
cfi=(154)
cfn=(734)
calls=1 0 
* 209 38 25 7 0 0 7
* 1
+1 2
+7 4 0 1 1 0 0 1
cfi=(225) /usr/src/debug/glibc-2.43-6.fc44.x86_64/nptl/pthread_getaffinity.c
cfn=(820) pthread_getaffinity_np@@GLIBC_2.32
calls=1 30 
* 34 5 4 4 0 0 4
+3 2
+2 5 1
+14 8 6 0 1 0 0 1
-13 5 0 2 1 0 0 1
cfi=(226)
cfn=(822)
calls=1 29 
* 578 110 76 21 0 3 21 0 3
+4 1
-4 1 0 1
+4 1 0 1
cob=(3)
cfi=(154)
cfn=(778)
calls=1 0 
* 35 10 4
+3 6 4 1 1 0 0 1
+2 6 3
85 4 0 2 1 0 0 1
cfi=(192)
cfn=(658)
calls=1 * 
* 845 175 149 91 10 7 91 8 7
+1 2 1 0 1 0 0 1
-1 1
+1 1
+5 4 0 2
cfi=(151)
cfn=(508)
calls=1 -53 
* 10 1
* 3 1
+74 3 0 2
cfi=(222)
cfn=(792)
calls=1 34 
* 458 129 71 47 0 0 47
* 1 1 0 1 0 0 1
+4 1 0 1
+2 2
-68 1 1 0 1 0 0 1
+5 2 1 1
+9 1
-14 1 1
-1 2 2 0 1 0 0 1
+6 3 0 1
+6 1 0 1
+1 1 0 1
+5 7 0 3
+7 228 38 38 1 0 0 1
cfi=(211) /usr/src/debug/glibc-2.43-6.fc44.x86_64/stdio-common/isoc23_sscanf.c
cfn=(756) __isoc23_sscanf
calls=38 24 
* 69986 15171 8860 74 17 8 74 11
* 76
+2 76 76
+1 38 38
-1 76 38
+1 76
+28 37
-38 74 37
+2 152 0 38 1 0 0 1
cfi=(203)
cfn=(706)
calls=38 -95 
* 7104 1772 857 85 23 6 85 18 6
* 76
+40 3 1 2
cob=(3)
cfi=(154)
cfn=(778)
calls=1 0 
* 317 49 57 15 2 12 15 1 12
* 3 2
+41 2 0 1
103 7 3 0 2 0 0 2
+2 1
+30 1
-2 1 0 1
+12 1
-10 3 1
+6 1
-1 4 0 1

fl=(138)
fn=(454)
31 1 0 0 1 0 0 1
fi=(99)
+8 2 2
+1 4
+1 3 1 0 1 0 0 1
+4 3
+3 5 1
fe=(138)

fl=(174)
fn=(612)
28 1 0 0 1 0 0 1
+2 1
+2 1
cfi=(175)
cfn=(614)
calls=1 -1 
* 28 6 9 3 1 0 3

fl=(196)
fn=(796) __GI__IO_un_link.part.0
66 1 0 1 1 0 0 1
+6 1
-6 6 1 2
+6 4 0 3 1 0 0 1
cfi=(198)
cfn=(688)
calls=1 -48 
* 13 4 3
+1 6 3
+2 1 1 0 1 0 0 1
-1 1 0 1
+1 2
+6 1 1 0 1 0 0 1
+1 1 1
+1 1 0 1
+1 2 0 0 1 0 0 1
+1 1 0 1
+11 4 1 1
+2 3 1
+2 2 0 0 1 0 0 1
+1 2 0 1
cfi=(198)
cfn=(690)
calls=1 -47 
* 10 5 1
+3 6 5
-27 2 1 0 1 0 0 1
+22 1 0 1
+1 6 1 2 2 0 0 2
-27 3 0 2 2 0 0 2

fn=(816)
628 6 0 2 1 0 0 1
+2 3 1
+6 3 1
+3 3 1 0 1 0 0 1
68 2 1
651 3 3

fn=(714)
369 1 0 0 1 0 0 1
+1 2 1
+2 4 1
-3 1 0 1 1 0 0 1
fi=(210)
1037 1
fe=(196)
369 2
+4 1 1
fi=(210)
1037 2
+1 2
fe=(196)
373 3 1 2 0 1
cfi=(205)
cfn=(716)
calls=1 68 
* 227 43 22 9 2 1 9 1 1
* 2
+3 2 2 0 1 0 0 1

fn=(770) _IO_sputbackc
662 912 0 304 1 0 0 1
+3 912 456 0 1 0 0 1
+10 304 0 152
+3 456 456
-12 304 152 0 1 0 0 1
+2 304 0 152
+1 152
+5 152

fn=(686)
109 8 0 2 1 0 0 1
+1 10 4 2
+24 10 8
-22 3 0 2 1 0 0 1
+2 5 0 3
cfi=(198)
cfn=(688)
calls=1 -90 
* 13 4 3 1 0 0 1
+1 8 4 0 1 0 0 1
+4 1 1 0 1 0 0 1
+3 2 0 1 1 0 0 1
-3 1 0 1
+4 2
+1 2 0 1
+2 1 0 1
+2 10 3 1 1 0 0 1
+1 1 0 1
+1 1 1
-2 1 0 1
+2 5 0 2 1 0 0 1
+1 2 0 1
cfi=(198)
cfn=(690)
calls=1 -77 
* 10 5 1 2 0 0 2
+3 1
-19 2 0 2 1 0 0 1
+1 1 0 1
+1 9 4 2 1 0 0 1
+11 2 1
-11 1

fn=(806)
977 1 0 0 1 0 0 1
+2 2 1
+5 2 1
+2 1 1 0 1 0 0 1

fn=(680)
589 429 0 195 1 0 0 1
+1 39 0 39
cfn=(682) _IO_old_init
calls=39 -33 
* 938 117 431 2 1 2 2 1 2
+1 39 0 39
+1 78
+2 1 0 1 1 0 0 1
+4 1
+7 1 0 1 0 0 1 0 0 1
+2 1 0 1
-9 5 0 5 0 0 1 0 0 1
+15 1 0 1
+1 1 0 1 1 0 0 1
+1 6 6
-2 38 0 38
+1 38 0 38
+1 228 228
-3 76 0 38

fn=(722)
355 200 0 40 1 0 0 1
+1 162 80 0 1 0 0 1
+3 40 0 40
+2 160
-3 40 0 40
+3 80 0 40
+3 84 80 4
-7 1 0 1
cob=(3)
cfi=(154)
cfn=(778)
calls=1 0 
* 35 10 4
+4 6 5

fn=(794)
67 2
+1 4 2
+36 1 1
-32 1
cfn=(796)
calls=1 -6 
* 80 25 20 11 0 0 11

fn=(710)
295 4 0 0 1 0 0 1
+1 13 4 1
-1 5 0 2
+6 2 1
-6 15 0 6
+6 6 3
+3 12 8
+2 8 4 0 1 0 0 1
+6 8 4
+7 4 4
fi=(210)
1037 12
+1 8
fe=(196)
319 8 4 0 0 1
+1 8 8
-1 4
cfi=(197)
cfn=(712)
calls=4 496 
* 597 155 90 24 3 1 24 1 1
-23 6
+21 8 4 0 1 0 0 1

fn=(724)
190 16 0 4 1 0 0 1
+1 12 8
+3 12 4 0 1 0 0 1
+4 8 4 4
+1 8 4
+7 4
-4 4 0 4
+4 4 0 4
-2 8 0 8 1 0 0 1
+3 4
+1 8 8

fn=(682)
557 39 0 0 1 0 0 1
+3 78 39 0 0 1 0 0 1
+5 78 0 39
-7 39
+12 39 0 39 1 0 1 1 0 1
-10 39
-2 39 0 39
+2 39
+16 39
-11 39 0 39
-5 39
+16 78 0 78
+5 39 39
-16 195 0 195
+16 78
+1 2 0 2 0 0 1 0 0 1
+2 39 39

fn=(988)
882 9 1 4 2 0 0 2
+1 1 0 1
cfn=(990) _IO_flush_all
calls=1 713 
* 198 74 35 13 15 0 11 4
-73 2 0 1
+73 1
-73 3 0 2
cfi=(198)
cfn=(688)
calls=1 24 
* 13 4 3
+1 6 3 0 1 0 0 1
+3 1 0 1 1 0 0 1
fi=(210)
1037 2
fe=(196)
832 9 3
+2 6 2
+20 3 0 3
+2 36 12 6 1 0 0 1
+1 3 0 3
-43 9 3
+4 3 0 3 1 0 0 1
+1 27 15
+8 6 3 0 1 0 0 1
+2 9 3 0 1 0 0 1
-10 1 1 0 1 0 0 1
+42 2 1
+1 2 0 1
cfi=(198)
cfn=(690)
calls=1 54 
* 10 5 1
+33 8 6
-76 9 0 6 1 0 0 1
-8 1 0 1 1 0 0 1
+3 1 1
-3 1 0 1
+3 2
+47 6 1 2 1 0 0 1

fn=(990)
713 5 0 2 1 0 0 1
+5 1
-5 4 1 2
+5 4 0 3
cfi=(198)
cfn=(688)
calls=1 24 
* 13 4 3 0 1
+1 6 3 0 1 1 0 1
+3 1 0 1 1 0 0 1
-8 1
fi=(210)
1037 2
fe=(196)
742 36 15 6 1 0 0 1
+1 3 0 3
-21 9 3
+2 3 0 3 1 0 0 1
+1 27 15 0 1 6 0 1 2
+2 18 9 0 1 5 0 1 2
+7 9 3 0 0 1
+1 12 6
-10 1 1 0 1 0 0 1
+22 2 1
+1 2 0 1
cfi=(198)
cfn=(690)
calls=1 54 
* 10 5 1 2
+4 8 6
-27 9 0 6 1 0 0 1
-6 1 0 1 1 0 0 1
+3 1 1 0 0 1
-8 1
+5 1 0 1
+3 2
+25 6 1 2 1 0 0 1

fl=(94)
fn=(336)
29 1 0 0 1 0 0 1
fi=(95)
+27 1 1
+1 1 0 0 1 0 0 1
-1 1 1
+1 2
+3 3 1
+14 2 0 0 1 0 0 1
+3 2 0 0 1 0 0 1
+8 2
+8 2
+3 5 1
fe=(94)

fl=(155)
fn=(516)
238 7 1 2 1 0 0 1
+3 6 2 0 1 1 0 1
+37 5 4

fl=(236)
fn=(900)
148 4 0 2 1 0 0 1
+1 1 1 0 1 1 0 1
-1 1 0 1
+1 3 1
+16 4 4 0 1 0 0 1

fl=(124)
fn=(408)
31 2 0 0 1 0 0 1
fi=(125) /usr/src/debug/glibc-2.43-6.fc44.x86_64/wcsmbs/../sysdeps/x86_64/multiarch/ifunc-wmemset.h
+5 8 4
+1 6 2
+3 4
+8 6 0 0 1 0 0 1
+3 8
fe=(124)
-20 2 2

fl=(200)
fn=(698)
28 6 0 2 2 0 0 2
+3 9 1 1
+8 7
+2 5 4 0 1 0 0 1

fl=(107)
fn=(366)
28 1
fi=(86)
+10 2 2
+2 4
+1 2 1 0 1 0 0 1
+1 3 1
+4 4
+3 3
+3 5 1 0 1 0 0 1
fe=(107)

fl=(111)
fn=(378)
31 2 0 0 1 0 0 1
fi=(112) /usr/src/debug/glibc-2.43-6.fc44.x86_64/wcsmbs/../sysdeps/x86_64/multiarch/ifunc-evex.h
+6 4 4
+1 8
+1 6 2 0 1 0 0 1
+4 8
+8 6
+3 8
fe=(111)
-23 2 2

fl=(165)
fn=(564)
64 1
+2 1 1 0 0 1
+1 2
-1 2
+3 1 0 1 1 0 0 1
-1 2 1 0 0 1
-1 2
+2 2 0 2 0 0 1
-1 4 2 0 0 2
-1 4
+3 1 1

fl=(219) /usr/src/debug/glibc-2.43-6.fc44.x86_64/stdlib/../stdlib/strtol_l.c
fn=(776) ____strtoul_l_internal
238 532 0 152 1 0 1 1
+26 152
+28 76
-35 76
+38 304
+9 152 152
-3 76
+3 456 76 228 1 0 1 1
+2 228 0 76 1 0 0 1
+5 152
-1 304 0 76
+10 228 76
+15 56
449 168 28 84
-59 28
+4 28
-1 28
+96 28
-99 28 28
+1 28
+86 28 28
-86 28 28
+87 28
-87 56 0 28
-1 48 0 0 1 0 0 1
+4 48
-1 48
+96 48
-99 48 48 0 0 1 0 0 1
+1 48 0 0 1 0 0 1
+86 48 48
-86 48 48 0 0 1 0 0 1
+87 48
-87 96 0 48
+93 648
+5 648
+1 1944
-41 2592 648
+2 1296 0 0 1 0 0 1
+2 1944
+7 142
+17 142 71
+1 142 71 0 0 1 0 0 1
+3 1944
+3 1296
+11 152 0 0 1 0 0 1
+5 228 76
+1 76 0 76
+23 380 76
-11 304 152 0 1 0 0 1
+33 456 380
342 56 0 0 1 0 0 1
+48 28
258 28
387 56
-65 336 144 0 1 2 0 1 1
+5 96 48 0 1 0 0 1
+5 144
+63 48
-63 96
517 144 0 144 1 0 0 1
332 96

fl=(132)
fn=(436)
29 1 0 0 1 0 0 1
fi=(95)
+27 1 1
+1 1
-1 1 1
+1 2
+3 3 1 0 1 0 0 1
+14 2 0 0 1 0 0 1
+3 2
+8 2 0 0 1 0 0 1
+8 2
+3 5 1
fe=(132)

fl=(178) /usr/src/debug/glibc-2.43-6.fc44.x86_64/nptl/cancellation.c
fn=(624) __syscall_cancel
74 3 0 1 1 0 0 1
+1 3 1 2
cfn=(626) __internal_syscall_cancel
calls=1 -45 
* 13 6 1 1 0 0 1
+4 4 2
+1 2 2

fn=(626)
30 5 0 1 1 0 0 1
+7 2 2
+1 2 1
+2 2 1
+24 2 2

fl=(208)
fn=(732)
61 41 0 0 1 0 0 1
+7 41
+2 41
+3 41
+1 41
+2 41
+1 41
+1 41
+1 41
+3 41 41 0 0 3 0 0 3
+1 41
+3 41
+1 41
+2 41
+1 41
+1 2
+1 2
+2 4 2
+27 8
+1 8
+1 8
+1 16 8
+9 4
+1 4
+1 4
+1 8 4
+4 10 0 0 1 0 0 1
+1 10
+1 10
+1 20 10
+5 8
+1 8
+1 8
+1 16 8
+10 39 0 0 1 0 0 1
+1 39
+1 39
+2 39
+10 39 39
+1 39
+3 39
+1 39
+2 34
+1 34
+2 26 26 0 0 2 0 0 2
+1 26
+1 26
+1 26 0 0 1 0 0 1
+2 22 22 0 0 4 0 0 4
+1 22
+1 22
+1 22
+2 12 12 0 0 2 0 0 2
+1 12
+1 12
+1 12
+4 4
+1 4
+3 4
+1 4
+1 4
+1 4
+5 8
+10 4 4 0 1 1 0 1 1
+1 4 4
+1 4 4 0 0 3 0 0 3
+1 4 4
+1 4
+1 4
+1 4
+2 4
+6 4
+1 4
+18 5
+1 5
+3 4
+1 4
+4 3
+1 3
+3 1 1
+1 1
+1 1
+1 1
+1 1
+4 4 2
+8 4 0 0 1 0 0 1
+1 4
+1 4
+2 3
+1 3
+1 3
+2 2 0 0 1 0 0 1
+2 2
+1 2
+1 2
+4 2
+2 2
+1 4 2
+5 1
+2 1
+2 1
+1 1
+1 1
+1 1
+1 2 1
+3 1
+1 2 1
+5 1 0 0 1 0 0 1
+4 1
+2 1
+1 2 1
+4 2
+4 2
+2 2
+1 4 2
+21 1 1 0 1 0 0 1
+1 1
+1 1
+1 1

fl=(209)
fn=(744)
255 1110 0 0 1 0 0 1
+1 1110
+6 1110
+1 1110
+2 1042 1042 0 0 1 0 0 1
+1 1042
+1 1042
+3 18 18
+1 18 0 18
+1 18 0 18
+3 36 18
+30 68
+1 68
+2 67
+1 67
+2 67
+4 67
+1 67 0 0 1 0 0 1
+1 67
+1 65 65 0 0 1 0 0 1
+1 65
+1 1 1
+1 1 0 1
+2 1 0 1
+2 1 1
-2 64 0 64
+2 66 66
+17 1 1
+1 1 1
+1 1 0 1 0 0 1 0 0 1
+1 1 0 1
+2 1 1
+28 1020 1020 0 1 0 0 1
+1 1020 1020
+1 1020 0 1020 0 0 488 0 0 488
+1 1020 0 1020 0 0 503 0 0 503
+1 1020 0 1020 0 0 16 0 0 16
+1 1020 0 1020
+1 2040 1020
+5 1024 1024 0 1 1 0 1
+1 1024
+5 1024
+1 1024
+2 1024 1024
+1 1024
+1 1024
+2 4 4
+1 4 4
+1 4 4
+1 4 4
+1 4 4
+1 4 4 0 1 0 0 1
+1 4 0 4
+1 4 0 4
+1 4 0 4
+1 4 0 4
+1 4 0 4 0 0 1 0 0 1
+1 4 0 4
+1 4 0 4
+1 4 0 4
+1 8 4

fl=(213) /usr/src/debug/glibc-2.43-6.fc44.x86_64/libio/strops.c
fn=(760) _IO_str_init_static_internal
36 380 0 190 2 0 0 2
+4 76
+1 76 0 38
cob=(3)
cfi=(154)
cfn=(762)
calls=38 -41 
* 1100 199 0 4 1 0 4
* 38
+5 190 0 38
cfi=(196)
cfn=(722)
calls=38 355 
* 722 152 152
+2 38 0 38
+1 38 0 38
+1 38 0 38
+1 76
+2 114 0 114 1 0 0 1
+11 38 0 38
+1 228 228
-4 38 0 0 1 0 0 1
-1 76

fl=(239)
fn=(906)
357 1 0 0 1 0 0 1
+1 2
cfn=(908) __pthread_mutex_unlock_usercnt
calls=1 48 
* 31 7 5 3 0 0 3

fn=(908)
48 1 0 0 1 0 0 1
+3 1 1
+1 2
+3 2
-7 3 0 1
+12 1 0 1
+1 2
-22 1 1
+1 4 1
+1 1 0 1
+27 1
+26 1 1
-24 1
+24 1 1
-31 2 0 1 1 0 0 1
+9 2 0 0 1 0 0 1
+3 3 2
+3 2 0 1

fl=(171)
fn=(586)
242 13 0 7 1 0 0 1
+69 2
+1 4 0 1 1 0 0 1
cfi=(172) /usr/src/debug/glibc-2.43-6.fc44.x86_64/stdlib/cxa_atexit.c
cfn=(588) __cxa_atexit
calls=1 67 
* 73 13 16 8 2 2 8 1
+25 6 2 1
+6 2 2
-3 2
+10 2 1 1
cob=(3)
cfi=(154)
cfn=(606)
calls=1 0 
* 7 3 0 2 0 0 2
+2 2
+8 4 1 1
cfi=(173)
cfn=(610)
calls=1 30 
* 604644 95969 17751 699 1249 1107 631 51 1055
128 2 2 0 1 0 0 1
+6 3 1 0 0 1
+1 6 2 2 1 0 0 1
cob=(3)
cfi=(154)
cfn=(594)
calls=1 0 
* 7 2 0 1 0 0 1
* 1 1
+3 1 1 0 0 1
+1 2
+3 3 2 0 0 1
+2 2
-1 9 3 1
+2 4 1 2
cob=(6)
cfi=(170)
cfn=(600)
calls=1 0 
* 12 1 0 3 0 0 3
* 4 1 2 1 1 0 1
cob=(6)
cfi=(170)
cfn=(598)
calls=1 0 
* 4 1 2 2 0 1 2 0 1
-1 7 2

fl=(190)
fn=(654)
32 2 0 1 1 0 0 1
fi=(191)
+27 1
fe=(190)
-27 4 0 1
fi=(191)
+27 4 0 4 1 0 0 1
fe=(190)
-13 1 0 1
cfi=(187)
cfn=(648)
calls=1 -19 
* 6 3
* 2 0 1
+3 4 3

fl=(188)
fn=(650)
23 1 0 0 1 0 0 1
+2 2 2

fl=(215) /usr/src/debug/glibc-2.43-6.fc44.x86_64/stdio-common/vfscanf-internal.c
fn=(766) __vfscanf_internal
287 494 0 304 2 0 2 2
+10 190 114 76 0 0 1
+1 38 38
fi=(217) /usr/src/debug/glibc-2.43-6.fc44.x86_64/stdio-common/../include/scratch_buffer.h
78 38 0 38 1 0 1 1
fe=(215)
298 38 0 38
fi=(217)
77 76 0 38
fe=(215)
348 152 76 76 0 0 1
+6 114 38 0 1 0 0 1
+3 152 38
+4 76 76
+13 38 38 0 0 1
-6 38 38 0 0 1
+8 76 38 0 0 1 0 0 1
-8 38 0 38
+8 38 0 0 1 0 0 1
+5 76 0 38
-5 38 0 38
+5 114 38 76 0 1 1
cfi=(198)
cfn=(688)
calls=38 24 
* 494 152 114
* 76 38
+9 76 38 0 0 1 0 0 1
fi=(260) /usr/src/debug/glibc-2.43-6.fc44.x86_64/stdio-common/../string/bits/string_fortified.h
59 38 0 38 1 0 0 1
fe=(215)
390 76
-88 38 0 38
-10 114
-1 38 0 38
+46 38 0 38
-1 38 0 38 1 0 0 1
-1 38 0 38
-1 38 0 38
-12 38 0 38
428 228
+24 228 114
+1 228
+3 190 114 0 1 0 0 1
+7 342 114 38
+8 76
+8 76
-27 38
+27 38
-89 342 114 0 1 0 0 1
3175 114
+10 152 38 38 2 0 0 2
cfi=(198)
cfn=(690)
calls=38 54 
* 380 190 38
fi=(217)
85 152 38
fe=(215)
3189 76 38
+17 76 38
+6 456 380
215 76 76 0 1 0 0 1
+16 76 0 76 1 0 0 1
+1 152 76 76
498 380 76
+44 760 76 0 2 1 0 2 1
354 76 0 0 1 0 0 1
492 152 76 76 1 0 0 1
+23 228
-1 228 0 0 1 0 0 1
669 228 0 0 1 0 0 1
+4 76
+1 380
+4 228 152 76
+1 76 0 76
+6 988 152 228 1 0 0 1
+3 152 76 0 0 1
-3 76
+3 152 76 0 0 1 0 0 1
-3 228 152 0 1 0 0 1
539 228 0 76 1 0 0 1
+16 228 76 0 1 0 0 1
+8 76 0 76
-21 152
fi=(216) /usr/src/debug/glibc-2.43-6.fc44.x86_64/stdio-common/printf-parse.h
55 228 0 0 1 0 0 1
fe=(215)
689 304 152 0 1 0 0 1
+1 380 0 228
-1 76 0 76
+1 76 0 76
cfi=(196)
cfn=(770)
calls=76 -28 
* 1748 532 304 3 0 0 3
+4 912 380 0 1 1 0 1 1
2625 228 0 76 1 0 0 1
1462 456 228 76 1 0 0 1
+5 76
-5 76
+5 228
+9 248 0 0 1 0 0 1
+5 192
+1 336 144 48 1 0 0 1
+2 96
+1 288 144 0 0 1 0 0 1
+13 96
+16 96
1835 152 0 0 1 0 0 1
fi=(217)
113 304 0 76 1 0 0 1
fe=(215)
1837 152
269 600 600
1899 600
269 1200
+3 1200 0 600 1 0 0 1
1901 1200
272 600 0 600
1901 1200
+2 4200 1800 600
-68 1800 600
+2 1200
+2 3760 2104 0 1 1 0 1 1
+67 152
215 76 76
1913 152 0 0 1 0 0 1
223 152
1914 152
+28 532 0 152
cfi=(196)
cfn=(770)
calls=76 662 
* 1748 532 304
* 76 76
269 228 152 0 1 0 0 1
+3 228 0 152
1946 152 76
1764 76 76
215 76 76
1764 76 0 0 1 0 0 1
1963 76
1764 76
1963 152
+30 760 228 152 2 0 0 2
694 152 0 0 1 0 0 1
1520 56 0 0 1 0 0 1
269 192 96 0 2 0 0 2
+3 144 0 96
1523 152
1835 608 76
1967 304 0 152 1 0 0 1
cfi=(218) /usr/src/debug/glibc-2.43-6.fc44.x86_64/stdlib/../stdlib/strtol.c
cfn=(774) __strtoul_internal
calls=76 107 
* 19638 2378 912 13 5 2 13 4
* 76
+3 228 152 0 1 0 0 1
+3 228 152
+19 152 76
+1 228 76

fl=(89)
fn=(324)
30 1 0 0 1 0 0 1
fi=(90)
+10 1 1
+1 4 1
+1 3 1 0 1 0 0 1
+4 4 1
+3 3 1 0 1 0 0 1
+3 3
fe=(89)
-22 1 1

fl=(139)
fn=(458)
33 1 0 0 1 0 0 1
fi=(101)
+23 1 1
+1 1
-1 1 1
+1 2
+3 3 1
+14 2 0 0 1 0 0 1
+3 2 0 0 1 0 0 1
+8 2
+8 2
+3 5 1 0 1 0 0 1
fe=(139)

fl=(231)
fn=(842)
56 2 0 0 1 0 0 1
-24 2 2
-2 4
+5 4
+7 184 48 0 0 13
+1 88 0 0 1 0 0 1
+19 4 2 2
+1 2
+1 2 2

fl=(108)
fn=(370)
30 1 0 0 1 0 0 1
fi=(103)
+8 2 2
+2 4
+1 2 1
+1 3 1
+4 4 0 0 1 0 0 1
+3 3
+3 5 1
fe=(108)

fl=(116)
fn=(388)
29 1 0 0 1 0 0 1
fi=(255)
+7 5 2 0 1 0 0 1
fe=(116)
-7 1 1

fl=(153)
fn=(512)
55 2 0 1 1 0 0 1
+1 1
-1 2 0 0 1 0 0 1
+1 5 1 2
cob=(3)
cfi=(154)
cfn=(514)
calls=1 -56 
* 20 5 1 1 3 0 1 2
+2 4 0 1
cob=(3)
cfi=(154)
cfn=(514)
calls=1 -58 
* 19 5 1 0 2 0 0 2
+2 4 0 1 1 0 0 1
cob=(3)
cfi=(154)
cfn=(514)
calls=1 -60 
* 20 5 1 0 2 0 0 2
+2 5 4

fl=(162) /usr/src/debug/glibc-2.43-6.fc44.x86_64/misc/init-misc.c
fn=(556) __init_misc
30 1 0 0 1 0 0 1
+1 5 1
-1 1 0 1
+3 1
-3 3 0 1
+3 3 0 2 1 0 0 1
cob=(3)
cfi=(154)
cfn=(558)
calls=1 -33 
* 31 4 0 6 2 0 6 1
+4 1 1
+1 1 1
-1 5 1 1 0 0 1
+1 3 2 1
+2 2 2

fl=(206)
fn=(720)
30 1 0 0 1 0 0 1
+9 4
+33 1 1

fl=(248)
fn=(992)
27 3 1 0 1 0 0 1

fl=(88)
fn=(322)
79 1 0 0 1 0 0 1
-32 1 1
+1 1 1
+1 1 1
-1 3
+1 2 0 0 1 0 0 1
+4 4 1
+3 3 1
+3 3
+20 1 1 0 1 0 0 1

fl=(158)
fn=(522)
0 21 1 0 2 0 0 2

fl=(225)
fn=(820)
30 2 0 0 1 0 0 1
+3 6 1
+2 2
-5 1 0 1 1 0 0 1
+9 1
fi=(191)
+20 1
fe=(225)
-20 2
fi=(191)
+20 1
fe=(225)
-29 1
fi=(191)
+29 1 0 1
cob=(3)
cfi=(154)
cfn=(788)
calls=1 -59 
* 13 2 2 2 0 0 2
fe=(225)
-18 1
+1 2 2

fl=(242)
fn=(922)
82 9 0 3 1 0 0 1
+1 6
-1 6
+1 6 0 3 0 0 1 0 0 1
fi=(243) /usr/src/debug/glibc-2.43-6.fc44.x86_64/posix/../malloc/dynarray-skeleton.c
243 3 3 0 0 1 0 0 1
fe=(242)
71 6
+38 12 3 3 1 0 0 1
+1 6 6

fl=(118)
fn=(392)
29 1 0 0 1 0 0 1
fi=(119)
+9 2 2
+1 1 1
-1 2
+1 2
+4 4
+3 3 0 0 1 0 0 1
+3 3
fe=(118)
-20 1 1

fl=(137)
fn=(452)
29 1 0 0 1 0 0 1
fi=(255)
+7 5 2
fe=(137)
-7 1 1

fl=(151)
fn=(508)
38 4 0 0 1 0 0 1
+1 14 0 0 1 0 0 1
+1 2 2

fl=(135)
fn=(448)
29 1 0 0 1 0 0 1
fi=(136) /usr/src/debug/glibc-2.43-6.fc44.x86_64/string/../sysdeps/x86_64/multiarch/ifunc-evex.h
+8 2 2
+1 4
+1 3 1
+4 4
+8 3 0 0 1 0 0 1
+3 4
fe=(135)
-25 1 1

fl=(176)
fn=(616)
28 1
+2 2
-1 1 0 1
+5 2 1

fl=(194)
fn=(674)
37 10 0 2 1 0 0 1
+6 4 2
-3 4 4 0 1 2 0 1 1
+18 4
+4 4
+4 1
+1 1
-1 3 0 1 1 0 0 1
+8 1 0 1
cfi=(195) /usr/src/debug/glibc-2.43-6.fc44.x86_64/misc/../sysdeps/unix/sysv/linux/brk.c
cfn=(676) brk
calls=1 -38 
* 9 2 1
-24 4 1
+28 7 4 1 1 0 0 1
-19 2 0 1
cfi=(195)
cfn=(676)
calls=1 -23 
* 9 2 1 1 0 0 1
* 2
+6 4 3

fl=(100)
fn=(352)
29 3 0 0 1 0 0 1
fi=(101)
+27 3 3 0 0 1
+1 3 0 0 1 0 0 1
-1 3 3 0 0 1
+1 6
+3 9 3 0 0 1
+14 6 0 0 1 0 0 1
+3 6 0 0 1 0 0 1
+8 6
+8 6
+3 15 3
fe=(100)

fl=(121)
fn=(400)
31 1 0 0 1 0 0 1
fi=(86)
+7 2 2
+2 4
+1 2 1
+1 3 1
+4 4 0 0 1 0 0 1
+3 3
+3 5 1
fe=(121)

fl=(177)
fn=(622)
27 2 0 1 1 0 0 1
+2 4
-2 1
+2 3 0 2 0 0 1
cfi=(178)
cfn=(624)
calls=1 +45 
* 25 11 4 2 0 0 2
+14 2 2

fl=(113)
fn=(382)
67 1 0 0 1 0 0 1
-24 1 1
+1 4 1
+23 2 1
-22 3 1 0 1 0 0 1
+4 4 1
+3 3 1
+3 4 0 0 1 0 0 1

fl=(128)
fn=(424)
29 3 0 0 1 0 0 1
fi=(86)
+9 6 6
+2 12
+1 6 3 0 1 1 0 1
+1 9 3
+4 12
+3 9
+3 15 3
fe=(128)

fl=(211)
fn=(756)
24 532 0 266 1 0 0 1
fi=(212) /usr/src/debug/glibc-2.43-6.fc44.x86_64/stdio-common/../libio/strfile.h
+64 152 0 0 1 0 0 1
fe=(211)
-64 114 38 38
fi=(212)
+64 38 0 0 1 0 0 1
-1 38 0 38
+1 38 0 38
cfi=(196)
cfn=(680)
calls=38 589 
* 1862 342 798
+1 38
+1 152
-1 38 0 38
+1 38 0 38
cfi=(213)
cfn=(760)
calls=38 -54 
* 3266 579 684 8 1 0 8
fe=(211)
-60 38
+1 76
-1 38 0 38 1 0 0 1
+1 38
-1 38
+1 38
-1 114 0 114
+1 38 0 38
cfi=(215)
cfn=(766)
calls=38 287 
* 62958 13984 6732 61 16 8 61 11
+5 304 228 0 1 0 0 1

fl=(83)
fn=(312)
86 1 0 0 1 0 0 1
fi=(84) /usr/src/debug/glibc-2.43-6.fc44.x86_64/string/../sysdeps/x86/cacheinfo.h
-24 1 1 0 0 1
+3 3 1 0 0 1
+2 1
+1 1 0 1 0 0 1 0 0 1
-1 2 0 1 0 0 1 0 0 1
+7 3 1 0 1 0 0 1
+2 1
+1 1 0 1
-1 2 0 1
+5 2 1 1 0 0 1 0 0 1
+3 2 1 1
+2 2 1 1 1 1 0 1
+1 2 1 1
+1 2 1 1
+2 2 1
fe=(83)
-4 2 1

fl=(127)
fn=(416)
31 1 0 0 1 0 0 1
fi=(115)
+5 1 1
+1 4 1
fe=(127)
-6 2 1
fi=(115)
+7 3 1 0 1 0 0 1
+4 4 1
+3 3 1
+3 4 0 0 1 0 0 1
fe=(127)

fl=(161)
fn=(554)
46 5 0 1 1 0 0 1
+5 2 1
+4 5 4 0 0 2 0 0 1
+8 1 1 0 0 1
-2 1 0 1 0 0 1
+10 1
-9 1 0 1 1 0 0 1
+1 1 0 1 0 0 1 0 0 1
+9 1 1
-1 1
cfi=(162)
cfn=(556)
calls=1 -41 
* 57 12 6 8 2 1 8 1

fl=(172)
fn=(590) __internal_atexit
36 7 0 4 1 0 0 1
+5 3
+2 7 0 1 1 0 1 1
+1 2 0 1
cfn=(592) __new_exitfn
calls=1 +36 
* 30 6 5 4 2 0 4 1
+2 2
+6 1 1
+5 1
-3 1 0 1 0 0 1
+1 1 0 1
-3 1
+4 1 0 1
-4 1
+1 1 0 1
+4 4 1 1 1 0 0 1
+1 1
+1 6 5

fn=(588)
67 1 0 0 1 0 0 1
+1 2
cfn=(590)
calls=1 -32 
* 70 13 16 7 2 2 7 1

fn=(592)
80 1 0 0 1 0 0 1
+6 2 1 0 0 1 0 0 1
-6 4 0 1
+11 4 1 0 1 1 0 1
-10 2
+12 4 1
-2 1 1
+10 1 0 1 1 0 0 1
-10 3
+45 1 0 1
+1 1 0 1
+4 3 2
-18 1 0 1 1 0 0 1
-1 1
+12 1

fl=(126)
fn=(412)
29 1 0 0 1 0 0 1
fi=(119)
+9 2 2
+1 1 1
-1 2
+1 2
+4 4
+3 3
+3 3
fe=(126)
-20 1 1

fl=(164)
fn=(562)
545 1
+1 4 2 0 1 2 0 1
+1 3 2 0 0 1
+1 3 2 0 1 1 0 1
+2 1 1

fl=(221)
fn=(790)
198 3 0 0 1 0 0 1
+1 6
+5 3
+1 3
+1 2
+1 2
+1 2
+21 2 2 0 1 0 0 1
+1 2
+6 2 0 2 0 0 2 0 0 2
+1 2 0 2
+12 2
+3 2
+1 2
+12 2 0 2 0 0 2 0 0 2
+1 2 0 2
+13 2
+1 2
+2 2
+3 1
+3 1
+3 1 0 1 1 0 1 1 0 1
+1 1 0 1
+1 1 0 1 0 0 1 0 0 1
+1 1 0 1
+1 1
+1 1
+1 1
-6 3 0 3 0 0 3 0 0 3
+1 3 0 3
+1 3 0 3 0 0 3 0 0 3
+1 3 0 3
+1 3
+1 3
+1 4
+3 1 0 1 0 0 1 0 0 1
+1 1 0 1
+1 1 0 1
+1 1 0 1
+3 2 1
-6 1 0 1
+1 1 0 1
+1 1 0 1
+1 1 0 1
+3 2 1
+35 1 0 0 1 0 0 1
+9 1
+1 1
+31 1 0 1 1 0 0 1
+1 1 0 1
+1 1 1

fl=(232)
fn=(844)
47 1 0 0 1 0 0 1
+3 2
-3 6 0 3
+6 2
+5 6 0 0 1 0 0 1
+2 4 4
-7 5 0 0 1 0 0 1

fl=(109)
fn=(374)
31 1 0 0 1 0 0 1
fi=(110)
+4 4 2 0 1 0 0 1
+1 3 1
+4 4
+3 3
+3 5 1
fe=(109)

fl=(227)
fn=(824)
25 1 0 0 1 0 0 1
+1 2 1
-1 1 0 1
+3 1
-3 3 0 1
+3 2 0 1
cob=(3)
cfi=(154)
cfn=(826)
calls=1 -28 
* 310 51 33 17 0 3 17 0 3
* 2 1 1
+1 2
+3 1 1
-5 1
+5 1 1

fl=(218)
fn=(774)
107 76 0 0 1 0 0 1
+1 304 152
cfi=(219)
cfn=(776)
calls=76 238 
* 19258 2226 912 12 5 2 12 4

fl=(195)
fn=(676)
36 2 0 0 1 0 0 1
fi=(261) /usr/src/debug/glibc-2.43-6.fc44.x86_64/misc/../sysdeps/unix/sysv/linux/brk_call.h
-12 4
fe=(195)
+13 4 2 2
+1 4
+6 2
+1 2 2

fl=(184)
fn=(642)
32 6 0 2 1 0 0 1
+1 5 1 1
fi=(185) /usr/src/debug/glibc-2.43-6.fc44.x86_64/posix/../sysdeps/unix/sysv/linux/x86/../sysconf.c
+16 10 0 0 1 0 0 1
fe=(184)
-12 6 5 0 1 0 0 1
fi=(186) /usr/src/debug/glibc-2.43-6.fc44.x86_64/posix/../sysdeps/posix/sysconf.c
+23 14 1 0 5 1 0 5 1
221 1 0 1 1 0 0 1
cfi=(187)
cfn=(648)
calls=1 27 
* 6 3 0 1 0 0 1
* 2 0 0 1 0 0 1
fe=(184)

totals: 851187 155844 42283 1776 3302 1889 1697 1538 1809
